ISO-10303-21;
HEADER;
FILE_DESCRIPTION(('FreeCAD Model'),'2;1');
FILE_NAME('Open CASCADE Shape Model','2026-07-17T22:38:58',('FreeCAD'),(
    'FreeCAD'),'Open CASCADE STEP processor 7.8','FreeCAD','Unknown');
FILE_SCHEMA(('AUTOMOTIVE_DESIGN { 1 0 10303 214 1 1 1 1 }'));
ENDSEC;
DATA;
#1 = APPLICATION_PROTOCOL_DEFINITION('international standard',
  'automotive_design',2000,#2);
#2 = APPLICATION_CONTEXT(
  'core data for automotive mechanical design processes');
#3 = SHAPE_DEFINITION_REPRESENTATION(#4,#10);
#4 = PRODUCT_DEFINITION_SHAPE('','',#5);
#5 = PRODUCT_DEFINITION('design','',#6,#9);
#6 = PRODUCT_DEFINITION_FORMATION('','',#7);
#7 = PRODUCT('Open CASCADE STEP translator 7.8 1',
  'Open CASCADE STEP translator 7.8 1','',(#8));
#8 = PRODUCT_CONTEXT('',#2,'mechanical');
#9 = PRODUCT_DEFINITION_CONTEXT('part definition',#2,'design');
#10 = SHAPE_REPRESENTATION('',(#11,#15,#449,#599,#749,#899,#1185,#1471,
    #1757,#1907,#2057,#2207,#2357,#2507,#2657,#2807,#2957,#3107,#3257,
    #3407,#3557,#3707,#3857),#4007);
#11 = AXIS2_PLACEMENT_3D('',#12,#13,#14);
#12 = CARTESIAN_POINT('',(0.,0.,0.));
#13 = DIRECTION('',(0.,0.,1.));
#14 = DIRECTION('',(1.,0.,-0.));
#15 = MANIFOLD_SOLID_BREP('',#16);
#16 = CLOSED_SHELL('',(#17,#57,#122,#146,#204,#221,#233,#264,#288,#312,
    #329,#360,#384,#408,#425,#437));
#17 = ADVANCED_FACE('',(#18),#52,.F.);
#18 = FACE_BOUND('',#19,.F.);
#19 = EDGE_LOOP('',(#20,#30,#38,#46));
#20 = ORIENTED_EDGE('',*,*,#21,.F.);
#21 = EDGE_CURVE('',#22,#24,#26,.T.);
#22 = VERTEX_POINT('',#23);
#23 = CARTESIAN_POINT('',(0.,0.,0.));
#24 = VERTEX_POINT('',#25);
#25 = CARTESIAN_POINT('',(0.,0.,7.366E+03));
#26 = LINE('',#27,#28);
#27 = CARTESIAN_POINT('',(0.,0.,0.));
#28 = VECTOR('',#29,1.);
#29 = DIRECTION('',(0.,0.,1.));
#30 = ORIENTED_EDGE('',*,*,#31,.T.);
#31 = EDGE_CURVE('',#22,#32,#34,.T.);
#32 = VERTEX_POINT('',#33);
#33 = CARTESIAN_POINT('',(0.,787.4,0.));
#34 = LINE('',#35,#36);
#35 = CARTESIAN_POINT('',(0.,0.,0.));
#36 = VECTOR('',#37,1.);
#37 = DIRECTION('',(0.,1.,0.));
#38 = ORIENTED_EDGE('',*,*,#39,.T.);
#39 = EDGE_CURVE('',#32,#40,#42,.T.);
#40 = VERTEX_POINT('',#41);
#41 = CARTESIAN_POINT('',(0.,787.4,7.366E+03));
#42 = LINE('',#43,#44);
#43 = CARTESIAN_POINT('',(0.,787.4,0.));
#44 = VECTOR('',#45,1.);
#45 = DIRECTION('',(0.,0.,1.));
#46 = ORIENTED_EDGE('',*,*,#47,.F.);
#47 = EDGE_CURVE('',#24,#40,#48,.T.);
#48 = LINE('',#49,#50);
#49 = CARTESIAN_POINT('',(0.,0.,7.366E+03));
#50 = VECTOR('',#51,1.);
#51 = DIRECTION('',(0.,1.,0.));
#52 = PLANE('',#53);
#53 = AXIS2_PLACEMENT_3D('',#54,#55,#56);
#54 = CARTESIAN_POINT('',(0.,0.,0.));
#55 = DIRECTION('',(1.,0.,0.));
#56 = DIRECTION('',(0.,0.,1.));
#57 = ADVANCED_FACE('',(#58,#83),#117,.F.);
#58 = FACE_BOUND('',#59,.F.);
#59 = EDGE_LOOP('',(#60,#68,#69,#77));
#60 = ORIENTED_EDGE('',*,*,#61,.F.);
#61 = EDGE_CURVE('',#22,#62,#64,.T.);
#62 = VERTEX_POINT('',#63);
#63 = CARTESIAN_POINT('',(1.8034E+03,0.,0.));
#64 = LINE('',#65,#66);
#65 = CARTESIAN_POINT('',(0.,0.,0.));
#66 = VECTOR('',#67,1.);
#67 = DIRECTION('',(1.,0.,0.));
#68 = ORIENTED_EDGE('',*,*,#21,.T.);
#69 = ORIENTED_EDGE('',*,*,#70,.T.);
#70 = EDGE_CURVE('',#24,#71,#73,.T.);
#71 = VERTEX_POINT('',#72);
#72 = CARTESIAN_POINT('',(1.8034E+03,0.,7.366E+03));
#73 = LINE('',#74,#75);
#74 = CARTESIAN_POINT('',(0.,0.,7.366E+03));
#75 = VECTOR('',#76,1.);
#76 = DIRECTION('',(1.,0.,0.));
#77 = ORIENTED_EDGE('',*,*,#78,.F.);
#78 = EDGE_CURVE('',#62,#71,#79,.T.);
#79 = LINE('',#80,#81);
#80 = CARTESIAN_POINT('',(1.8034E+03,0.,0.));
#81 = VECTOR('',#82,1.);
#82 = DIRECTION('',(0.,0.,1.));
#83 = FACE_BOUND('',#84,.F.);
#84 = EDGE_LOOP('',(#85,#95,#103,#111));
#85 = ORIENTED_EDGE('',*,*,#86,.F.);
#86 = EDGE_CURVE('',#87,#89,#91,.T.);
#87 = VERTEX_POINT('',#88);
#88 = CARTESIAN_POINT('',(368.3,0.,3.3655E+03));
#89 = VERTEX_POINT('',#90);
#90 = CARTESIAN_POINT('',(1.4351E+03,0.,3.3655E+03));
#91 = LINE('',#92,#93);
#92 = CARTESIAN_POINT('',(184.15,0.,3.3655E+03));
#93 = VECTOR('',#94,1.);
#94 = DIRECTION('',(1.,0.,0.));
#95 = ORIENTED_EDGE('',*,*,#96,.T.);
#96 = EDGE_CURVE('',#87,#97,#99,.T.);
#97 = VERTEX_POINT('',#98);
#98 = CARTESIAN_POINT('',(368.3,0.,2.6035E+03));
#99 = LINE('',#100,#101);
#100 = CARTESIAN_POINT('',(368.3,0.,1.30175E+03));
#101 = VECTOR('',#102,1.);
#102 = DIRECTION('',(0.,0.,-1.));
#103 = ORIENTED_EDGE('',*,*,#104,.T.);
#104 = EDGE_CURVE('',#97,#105,#107,.T.);
#105 = VERTEX_POINT('',#106);
#106 = CARTESIAN_POINT('',(1.4351E+03,0.,2.6035E+03));
#107 = LINE('',#108,#109);
#108 = CARTESIAN_POINT('',(184.15,0.,2.6035E+03));
#109 = VECTOR('',#110,1.);
#110 = DIRECTION('',(1.,0.,0.));
#111 = ORIENTED_EDGE('',*,*,#112,.F.);
#112 = EDGE_CURVE('',#89,#105,#113,.T.);
#113 = LINE('',#114,#115);
#114 = CARTESIAN_POINT('',(1.4351E+03,0.,1.30175E+03));
#115 = VECTOR('',#116,1.);
#116 = DIRECTION('',(0.,0.,-1.));
#117 = PLANE('',#118);
#118 = AXIS2_PLACEMENT_3D('',#119,#120,#121);
#119 = CARTESIAN_POINT('',(0.,0.,0.));
#120 = DIRECTION('',(0.,1.,0.));
#121 = DIRECTION('',(0.,0.,1.));
#122 = ADVANCED_FACE('',(#123),#141,.T.);
#123 = FACE_BOUND('',#124,.T.);
#124 = EDGE_LOOP('',(#125,#126,#127,#135));
#125 = ORIENTED_EDGE('',*,*,#47,.F.);
#126 = ORIENTED_EDGE('',*,*,#70,.T.);
#127 = ORIENTED_EDGE('',*,*,#128,.T.);
#128 = EDGE_CURVE('',#71,#129,#131,.T.);
#129 = VERTEX_POINT('',#130);
#130 = CARTESIAN_POINT('',(1.8034E+03,787.4,7.366E+03));
#131 = LINE('',#132,#133);
#132 = CARTESIAN_POINT('',(1.8034E+03,0.,7.366E+03));
#133 = VECTOR('',#134,1.);
#134 = DIRECTION('',(0.,1.,0.));
#135 = ORIENTED_EDGE('',*,*,#136,.F.);
#136 = EDGE_CURVE('',#40,#129,#137,.T.);
#137 = LINE('',#138,#139);
#138 = CARTESIAN_POINT('',(0.,787.4,7.366E+03));
#139 = VECTOR('',#140,1.);
#140 = DIRECTION('',(1.,0.,0.));
#141 = PLANE('',#142);
#142 = AXIS2_PLACEMENT_3D('',#143,#144,#145);
#143 = CARTESIAN_POINT('',(0.,0.,7.366E+03));
#144 = DIRECTION('',(0.,0.,1.));
#145 = DIRECTION('',(1.,0.,0.));
#146 = ADVANCED_FACE('',(#147,#165),#199,.T.);
#147 = FACE_BOUND('',#148,.T.);
#148 = EDGE_LOOP('',(#149,#157,#158,#159));
#149 = ORIENTED_EDGE('',*,*,#150,.F.);
#150 = EDGE_CURVE('',#32,#151,#153,.T.);
#151 = VERTEX_POINT('',#152);
#152 = CARTESIAN_POINT('',(1.8034E+03,787.4,0.));
#153 = LINE('',#154,#155);
#154 = CARTESIAN_POINT('',(0.,787.4,0.));
#155 = VECTOR('',#156,1.);
#156 = DIRECTION('',(1.,0.,0.));
#157 = ORIENTED_EDGE('',*,*,#39,.T.);
#158 = ORIENTED_EDGE('',*,*,#136,.T.);
#159 = ORIENTED_EDGE('',*,*,#160,.F.);
#160 = EDGE_CURVE('',#151,#129,#161,.T.);
#161 = LINE('',#162,#163);
#162 = CARTESIAN_POINT('',(1.8034E+03,787.4,0.));
#163 = VECTOR('',#164,1.);
#164 = DIRECTION('',(0.,0.,1.));
#165 = FACE_BOUND('',#166,.T.);
#166 = EDGE_LOOP('',(#167,#177,#185,#193));
#167 = ORIENTED_EDGE('',*,*,#168,.F.);
#168 = EDGE_CURVE('',#169,#171,#173,.T.);
#169 = VERTEX_POINT('',#170);
#170 = CARTESIAN_POINT('',(368.3,787.4,863.6));
#171 = VERTEX_POINT('',#172);
#172 = CARTESIAN_POINT('',(1.4351E+03,787.4,863.6));
#173 = LINE('',#174,#175);
#174 = CARTESIAN_POINT('',(184.15,787.4,863.6));
#175 = VECTOR('',#176,1.);
#176 = DIRECTION('',(1.,0.,0.));
#177 = ORIENTED_EDGE('',*,*,#178,.T.);
#178 = EDGE_CURVE('',#169,#179,#181,.T.);
#179 = VERTEX_POINT('',#180);
#180 = CARTESIAN_POINT('',(368.3,787.4,101.6));
#181 = LINE('',#182,#183);
#182 = CARTESIAN_POINT('',(368.3,787.4,50.8));
#183 = VECTOR('',#184,1.);
#184 = DIRECTION('',(0.,0.,-1.));
#185 = ORIENTED_EDGE('',*,*,#186,.T.);
#186 = EDGE_CURVE('',#179,#187,#189,.T.);
#187 = VERTEX_POINT('',#188);
#188 = CARTESIAN_POINT('',(1.4351E+03,787.4,101.6));
#189 = LINE('',#190,#191);
#190 = CARTESIAN_POINT('',(184.15,787.4,101.6));
#191 = VECTOR('',#192,1.);
#192 = DIRECTION('',(1.,0.,0.));
#193 = ORIENTED_EDGE('',*,*,#194,.F.);
#194 = EDGE_CURVE('',#171,#187,#195,.T.);
#195 = LINE('',#196,#197);
#196 = CARTESIAN_POINT('',(1.4351E+03,787.4,50.8));
#197 = VECTOR('',#198,1.);
#198 = DIRECTION('',(0.,0.,-1.));
#199 = PLANE('',#200);
#200 = AXIS2_PLACEMENT_3D('',#201,#202,#203);
#201 = CARTESIAN_POINT('',(0.,787.4,0.));
#202 = DIRECTION('',(0.,1.,0.));
#203 = DIRECTION('',(0.,0.,1.));
#204 = ADVANCED_FACE('',(#205),#216,.F.);
#205 = FACE_BOUND('',#206,.F.);
#206 = EDGE_LOOP('',(#207,#208,#209,#215));
#207 = ORIENTED_EDGE('',*,*,#31,.F.);
#208 = ORIENTED_EDGE('',*,*,#61,.T.);
#209 = ORIENTED_EDGE('',*,*,#210,.T.);
#210 = EDGE_CURVE('',#62,#151,#211,.T.);
#211 = LINE('',#212,#213);
#212 = CARTESIAN_POINT('',(1.8034E+03,0.,0.));
#213 = VECTOR('',#214,1.);
#214 = DIRECTION('',(0.,1.,0.));
#215 = ORIENTED_EDGE('',*,*,#150,.F.);
#216 = PLANE('',#217);
#217 = AXIS2_PLACEMENT_3D('',#218,#219,#220);
#218 = CARTESIAN_POINT('',(0.,0.,0.));
#219 = DIRECTION('',(0.,0.,1.));
#220 = DIRECTION('',(1.,0.,0.));
#221 = ADVANCED_FACE('',(#222),#228,.T.);
#222 = FACE_BOUND('',#223,.T.);
#223 = EDGE_LOOP('',(#224,#225,#226,#227));
#224 = ORIENTED_EDGE('',*,*,#78,.F.);
#225 = ORIENTED_EDGE('',*,*,#210,.T.);
#226 = ORIENTED_EDGE('',*,*,#160,.T.);
#227 = ORIENTED_EDGE('',*,*,#128,.F.);
#228 = PLANE('',#229);
#229 = AXIS2_PLACEMENT_3D('',#230,#231,#232);
#230 = CARTESIAN_POINT('',(1.8034E+03,0.,0.));
#231 = DIRECTION('',(1.,0.,0.));
#232 = DIRECTION('',(0.,0.,1.));
#233 = ADVANCED_FACE('',(#234),#259,.F.);
#234 = FACE_BOUND('',#235,.F.);
#235 = EDGE_LOOP('',(#236,#244,#245,#253));
#236 = ORIENTED_EDGE('',*,*,#237,.F.);
#237 = EDGE_CURVE('',#87,#238,#240,.T.);
#238 = VERTEX_POINT('',#239);
#239 = CARTESIAN_POINT('',(368.3,457.2,3.3655E+03));
#240 = LINE('',#241,#242);
#241 = CARTESIAN_POINT('',(368.3,-1.,3.3655E+03));
#242 = VECTOR('',#243,1.);
#243 = DIRECTION('',(0.,1.,0.));
#244 = ORIENTED_EDGE('',*,*,#86,.T.);
#245 = ORIENTED_EDGE('',*,*,#246,.T.);
#246 = EDGE_CURVE('',#89,#247,#249,.T.);
#247 = VERTEX_POINT('',#248);
#248 = CARTESIAN_POINT('',(1.4351E+03,457.2,3.3655E+03));
#249 = LINE('',#250,#251);
#250 = CARTESIAN_POINT('',(1.4351E+03,-1.,3.3655E+03));
#251 = VECTOR('',#252,1.);
#252 = DIRECTION('',(0.,1.,0.));
#253 = ORIENTED_EDGE('',*,*,#254,.F.);
#254 = EDGE_CURVE('',#238,#247,#255,.T.);
#255 = LINE('',#256,#257);
#256 = CARTESIAN_POINT('',(368.3,457.2,3.3655E+03));
#257 = VECTOR('',#258,1.);
#258 = DIRECTION('',(1.,0.,0.));
#259 = PLANE('',#260);
#260 = AXIS2_PLACEMENT_3D('',#261,#262,#263);
#261 = CARTESIAN_POINT('',(368.3,-1.,3.3655E+03));
#262 = DIRECTION('',(0.,0.,1.));
#263 = DIRECTION('',(1.,0.,0.));
#264 = ADVANCED_FACE('',(#265),#283,.F.);
#265 = FACE_BOUND('',#266,.F.);
#266 = EDGE_LOOP('',(#267,#268,#269,#277));
#267 = ORIENTED_EDGE('',*,*,#246,.F.);
#268 = ORIENTED_EDGE('',*,*,#112,.T.);
#269 = ORIENTED_EDGE('',*,*,#270,.T.);
#270 = EDGE_CURVE('',#105,#271,#273,.T.);
#271 = VERTEX_POINT('',#272);
#272 = CARTESIAN_POINT('',(1.4351E+03,457.2,2.6035E+03));
#273 = LINE('',#274,#275);
#274 = CARTESIAN_POINT('',(1.4351E+03,-1.,2.6035E+03));
#275 = VECTOR('',#276,1.);
#276 = DIRECTION('',(0.,1.,0.));
#277 = ORIENTED_EDGE('',*,*,#278,.T.);
#278 = EDGE_CURVE('',#271,#247,#279,.T.);
#279 = LINE('',#280,#281);
#280 = CARTESIAN_POINT('',(1.4351E+03,457.2,2.6035E+03));
#281 = VECTOR('',#282,1.);
#282 = DIRECTION('',(0.,0.,1.));
#283 = PLANE('',#284);
#284 = AXIS2_PLACEMENT_3D('',#285,#286,#287);
#285 = CARTESIAN_POINT('',(1.4351E+03,-1.,2.6035E+03));
#286 = DIRECTION('',(1.,0.,0.));
#287 = DIRECTION('',(0.,0.,1.));
#288 = ADVANCED_FACE('',(#289),#307,.T.);
#289 = FACE_BOUND('',#290,.T.);
#290 = EDGE_LOOP('',(#291,#299,#300,#301));
#291 = ORIENTED_EDGE('',*,*,#292,.F.);
#292 = EDGE_CURVE('',#97,#293,#295,.T.);
#293 = VERTEX_POINT('',#294);
#294 = CARTESIAN_POINT('',(368.3,457.2,2.6035E+03));
#295 = LINE('',#296,#297);
#296 = CARTESIAN_POINT('',(368.3,-1.,2.6035E+03));
#297 = VECTOR('',#298,1.);
#298 = DIRECTION('',(0.,1.,0.));
#299 = ORIENTED_EDGE('',*,*,#104,.T.);
#300 = ORIENTED_EDGE('',*,*,#270,.T.);
#301 = ORIENTED_EDGE('',*,*,#302,.F.);
#302 = EDGE_CURVE('',#293,#271,#303,.T.);
#303 = LINE('',#304,#305);
#304 = CARTESIAN_POINT('',(368.3,457.2,2.6035E+03));
#305 = VECTOR('',#306,1.);
#306 = DIRECTION('',(1.,0.,0.));
#307 = PLANE('',#308);
#308 = AXIS2_PLACEMENT_3D('',#309,#310,#311);
#309 = CARTESIAN_POINT('',(368.3,-1.,2.6035E+03));
#310 = DIRECTION('',(0.,0.,1.));
#311 = DIRECTION('',(1.,0.,0.));
#312 = ADVANCED_FACE('',(#313),#324,.T.);
#313 = FACE_BOUND('',#314,.T.);
#314 = EDGE_LOOP('',(#315,#316,#317,#318));
#315 = ORIENTED_EDGE('',*,*,#237,.F.);
#316 = ORIENTED_EDGE('',*,*,#96,.T.);
#317 = ORIENTED_EDGE('',*,*,#292,.T.);
#318 = ORIENTED_EDGE('',*,*,#319,.T.);
#319 = EDGE_CURVE('',#293,#238,#320,.T.);
#320 = LINE('',#321,#322);
#321 = CARTESIAN_POINT('',(368.3,457.2,2.6035E+03));
#322 = VECTOR('',#323,1.);
#323 = DIRECTION('',(0.,0.,1.));
#324 = PLANE('',#325);
#325 = AXIS2_PLACEMENT_3D('',#326,#327,#328);
#326 = CARTESIAN_POINT('',(368.3,-1.,2.6035E+03));
#327 = DIRECTION('',(1.,0.,0.));
#328 = DIRECTION('',(0.,0.,1.));
#329 = ADVANCED_FACE('',(#330),#355,.F.);
#330 = FACE_BOUND('',#331,.F.);
#331 = EDGE_LOOP('',(#332,#340,#348,#354));
#332 = ORIENTED_EDGE('',*,*,#333,.F.);
#333 = EDGE_CURVE('',#334,#169,#336,.T.);
#334 = VERTEX_POINT('',#335);
#335 = CARTESIAN_POINT('',(368.3,330.2,863.6));
#336 = LINE('',#337,#338);
#337 = CARTESIAN_POINT('',(368.3,330.2,863.6));
#338 = VECTOR('',#339,1.);
#339 = DIRECTION('',(0.,1.,0.));
#340 = ORIENTED_EDGE('',*,*,#341,.T.);
#341 = EDGE_CURVE('',#334,#342,#344,.T.);
#342 = VERTEX_POINT('',#343);
#343 = CARTESIAN_POINT('',(1.4351E+03,330.2,863.6));
#344 = LINE('',#345,#346);
#345 = CARTESIAN_POINT('',(368.3,330.2,863.6));
#346 = VECTOR('',#347,1.);
#347 = DIRECTION('',(1.,0.,0.));
#348 = ORIENTED_EDGE('',*,*,#349,.T.);
#349 = EDGE_CURVE('',#342,#171,#350,.T.);
#350 = LINE('',#351,#352);
#351 = CARTESIAN_POINT('',(1.4351E+03,330.2,863.6));
#352 = VECTOR('',#353,1.);
#353 = DIRECTION('',(0.,1.,0.));
#354 = ORIENTED_EDGE('',*,*,#168,.F.);
#355 = PLANE('',#356);
#356 = AXIS2_PLACEMENT_3D('',#357,#358,#359);
#357 = CARTESIAN_POINT('',(368.3,330.2,863.6));
#358 = DIRECTION('',(0.,0.,1.));
#359 = DIRECTION('',(1.,0.,0.));
#360 = ADVANCED_FACE('',(#361),#379,.F.);
#361 = FACE_BOUND('',#362,.F.);
#362 = EDGE_LOOP('',(#363,#364,#372,#378));
#363 = ORIENTED_EDGE('',*,*,#349,.F.);
#364 = ORIENTED_EDGE('',*,*,#365,.F.);
#365 = EDGE_CURVE('',#366,#342,#368,.T.);
#366 = VERTEX_POINT('',#367);
#367 = CARTESIAN_POINT('',(1.4351E+03,330.2,101.6));
#368 = LINE('',#369,#370);
#369 = CARTESIAN_POINT('',(1.4351E+03,330.2,101.6));
#370 = VECTOR('',#371,1.);
#371 = DIRECTION('',(0.,0.,1.));
#372 = ORIENTED_EDGE('',*,*,#373,.T.);
#373 = EDGE_CURVE('',#366,#187,#374,.T.);
#374 = LINE('',#375,#376);
#375 = CARTESIAN_POINT('',(1.4351E+03,330.2,101.6));
#376 = VECTOR('',#377,1.);
#377 = DIRECTION('',(0.,1.,0.));
#378 = ORIENTED_EDGE('',*,*,#194,.F.);
#379 = PLANE('',#380);
#380 = AXIS2_PLACEMENT_3D('',#381,#382,#383);
#381 = CARTESIAN_POINT('',(1.4351E+03,330.2,101.6));
#382 = DIRECTION('',(1.,0.,0.));
#383 = DIRECTION('',(0.,0.,1.));
#384 = ADVANCED_FACE('',(#385),#403,.T.);
#385 = FACE_BOUND('',#386,.T.);
#386 = EDGE_LOOP('',(#387,#395,#401,#402));
#387 = ORIENTED_EDGE('',*,*,#388,.F.);
#388 = EDGE_CURVE('',#389,#179,#391,.T.);
#389 = VERTEX_POINT('',#390);
#390 = CARTESIAN_POINT('',(368.3,330.2,101.6));
#391 = LINE('',#392,#393);
#392 = CARTESIAN_POINT('',(368.3,330.2,101.6));
#393 = VECTOR('',#394,1.);
#394 = DIRECTION('',(0.,1.,0.));
#395 = ORIENTED_EDGE('',*,*,#396,.T.);
#396 = EDGE_CURVE('',#389,#366,#397,.T.);
#397 = LINE('',#398,#399);
#398 = CARTESIAN_POINT('',(368.3,330.2,101.6));
#399 = VECTOR('',#400,1.);
#400 = DIRECTION('',(1.,0.,0.));
#401 = ORIENTED_EDGE('',*,*,#373,.T.);
#402 = ORIENTED_EDGE('',*,*,#186,.F.);
#403 = PLANE('',#404);
#404 = AXIS2_PLACEMENT_3D('',#405,#406,#407);
#405 = CARTESIAN_POINT('',(368.3,330.2,101.6));
#406 = DIRECTION('',(0.,0.,1.));
#407 = DIRECTION('',(1.,0.,0.));
#408 = ADVANCED_FACE('',(#409),#420,.T.);
#409 = FACE_BOUND('',#410,.T.);
#410 = EDGE_LOOP('',(#411,#412,#418,#419));
#411 = ORIENTED_EDGE('',*,*,#333,.F.);
#412 = ORIENTED_EDGE('',*,*,#413,.F.);
#413 = EDGE_CURVE('',#389,#334,#414,.T.);
#414 = LINE('',#415,#416);
#415 = CARTESIAN_POINT('',(368.3,330.2,101.6));
#416 = VECTOR('',#417,1.);
#417 = DIRECTION('',(0.,0.,1.));
#418 = ORIENTED_EDGE('',*,*,#388,.T.);
#419 = ORIENTED_EDGE('',*,*,#178,.F.);
#420 = PLANE('',#421);
#421 = AXIS2_PLACEMENT_3D('',#422,#423,#424);
#422 = CARTESIAN_POINT('',(368.3,330.2,101.6));
#423 = DIRECTION('',(1.,0.,0.));
#424 = DIRECTION('',(0.,0.,1.));
#425 = ADVANCED_FACE('',(#426),#432,.F.);
#426 = FACE_BOUND('',#427,.F.);
#427 = EDGE_LOOP('',(#428,#429,#430,#431));
#428 = ORIENTED_EDGE('',*,*,#302,.F.);
#429 = ORIENTED_EDGE('',*,*,#319,.T.);
#430 = ORIENTED_EDGE('',*,*,#254,.T.);
#431 = ORIENTED_EDGE('',*,*,#278,.F.);
#432 = PLANE('',#433);
#433 = AXIS2_PLACEMENT_3D('',#434,#435,#436);
#434 = CARTESIAN_POINT('',(368.3,457.2,2.6035E+03));
#435 = DIRECTION('',(0.,1.,0.));
#436 = DIRECTION('',(0.,0.,1.));
#437 = ADVANCED_FACE('',(#438),#444,.T.);
#438 = FACE_BOUND('',#439,.T.);
#439 = EDGE_LOOP('',(#440,#441,#442,#443));
#440 = ORIENTED_EDGE('',*,*,#396,.F.);
#441 = ORIENTED_EDGE('',*,*,#413,.T.);
#442 = ORIENTED_EDGE('',*,*,#341,.T.);
#443 = ORIENTED_EDGE('',*,*,#365,.F.);
#444 = PLANE('',#445);
#445 = AXIS2_PLACEMENT_3D('',#446,#447,#448);
#446 = CARTESIAN_POINT('',(368.3,330.2,101.6));
#447 = DIRECTION('',(0.,1.,0.));
#448 = DIRECTION('',(0.,0.,1.));
#449 = MANIFOLD_SOLID_BREP('',#450);
#450 = CLOSED_SHELL('',(#451,#491,#531,#553,#575,#587));
#451 = ADVANCED_FACE('',(#452),#486,.F.);
#452 = FACE_BOUND('',#453,.F.);
#453 = EDGE_LOOP('',(#454,#464,#472,#480));
#454 = ORIENTED_EDGE('',*,*,#455,.F.);
#455 = EDGE_CURVE('',#456,#458,#460,.T.);
#456 = VERTEX_POINT('',#457);
#457 = CARTESIAN_POINT('',(165.1,330.2,0.));
#458 = VERTEX_POINT('',#459);
#459 = CARTESIAN_POINT('',(165.1,330.2,101.6));
#460 = LINE('',#461,#462);
#461 = CARTESIAN_POINT('',(165.1,330.2,0.));
#462 = VECTOR('',#463,1.);
#463 = DIRECTION('',(0.,0.,1.));
#464 = ORIENTED_EDGE('',*,*,#465,.T.);
#465 = EDGE_CURVE('',#456,#466,#468,.T.);
#466 = VERTEX_POINT('',#467);
#467 = CARTESIAN_POINT('',(165.1,1.2446E+03,0.));
#468 = LINE('',#469,#470);
#469 = CARTESIAN_POINT('',(165.1,330.2,0.));
#470 = VECTOR('',#471,1.);
#471 = DIRECTION('',(0.,1.,0.));
#472 = ORIENTED_EDGE('',*,*,#473,.T.);
#473 = EDGE_CURVE('',#466,#474,#476,.T.);
#474 = VERTEX_POINT('',#475);
#475 = CARTESIAN_POINT('',(165.1,1.2446E+03,101.6));
#476 = LINE('',#477,#478);
#477 = CARTESIAN_POINT('',(165.1,1.2446E+03,0.));
#478 = VECTOR('',#479,1.);
#479 = DIRECTION('',(0.,0.,1.));
#480 = ORIENTED_EDGE('',*,*,#481,.F.);
#481 = EDGE_CURVE('',#458,#474,#482,.T.);
#482 = LINE('',#483,#484);
#483 = CARTESIAN_POINT('',(165.1,330.2,101.6));
#484 = VECTOR('',#485,1.);
#485 = DIRECTION('',(0.,1.,0.));
#486 = PLANE('',#487);
#487 = AXIS2_PLACEMENT_3D('',#488,#489,#490);
#488 = CARTESIAN_POINT('',(165.1,330.2,0.));
#489 = DIRECTION('',(1.,0.,0.));
#490 = DIRECTION('',(0.,0.,1.));
#491 = ADVANCED_FACE('',(#492),#526,.T.);
#492 = FACE_BOUND('',#493,.T.);
#493 = EDGE_LOOP('',(#494,#504,#512,#520));
#494 = ORIENTED_EDGE('',*,*,#495,.F.);
#495 = EDGE_CURVE('',#496,#498,#500,.T.);
#496 = VERTEX_POINT('',#497);
#497 = CARTESIAN_POINT('',(1.6383E+03,330.2,0.));
#498 = VERTEX_POINT('',#499);
#499 = CARTESIAN_POINT('',(1.6383E+03,330.2,101.6));
#500 = LINE('',#501,#502);
#501 = CARTESIAN_POINT('',(1.6383E+03,330.2,0.));
#502 = VECTOR('',#503,1.);
#503 = DIRECTION('',(0.,0.,1.));
#504 = ORIENTED_EDGE('',*,*,#505,.T.);
#505 = EDGE_CURVE('',#496,#506,#508,.T.);
#506 = VERTEX_POINT('',#507);
#507 = CARTESIAN_POINT('',(1.6383E+03,1.2446E+03,0.));
#508 = LINE('',#509,#510);
#509 = CARTESIAN_POINT('',(1.6383E+03,330.2,0.));
#510 = VECTOR('',#511,1.);
#511 = DIRECTION('',(0.,1.,0.));
#512 = ORIENTED_EDGE('',*,*,#513,.T.);
#513 = EDGE_CURVE('',#506,#514,#516,.T.);
#514 = VERTEX_POINT('',#515);
#515 = CARTESIAN_POINT('',(1.6383E+03,1.2446E+03,101.6));
#516 = LINE('',#517,#518);
#517 = CARTESIAN_POINT('',(1.6383E+03,1.2446E+03,0.));
#518 = VECTOR('',#519,1.);
#519 = DIRECTION('',(0.,0.,1.));
#520 = ORIENTED_EDGE('',*,*,#521,.F.);
#521 = EDGE_CURVE('',#498,#514,#522,.T.);
#522 = LINE('',#523,#524);
#523 = CARTESIAN_POINT('',(1.6383E+03,330.2,101.6));
#524 = VECTOR('',#525,1.);
#525 = DIRECTION('',(0.,1.,0.));
#526 = PLANE('',#527);
#527 = AXIS2_PLACEMENT_3D('',#528,#529,#530);
#528 = CARTESIAN_POINT('',(1.6383E+03,330.2,0.));
#529 = DIRECTION('',(1.,0.,0.));
#530 = DIRECTION('',(0.,0.,1.));
#531 = ADVANCED_FACE('',(#532),#548,.F.);
#532 = FACE_BOUND('',#533,.F.);
#533 = EDGE_LOOP('',(#534,#540,#541,#547));
#534 = ORIENTED_EDGE('',*,*,#535,.F.);
#535 = EDGE_CURVE('',#456,#496,#536,.T.);
#536 = LINE('',#537,#538);
#537 = CARTESIAN_POINT('',(165.1,330.2,0.));
#538 = VECTOR('',#539,1.);
#539 = DIRECTION('',(1.,0.,0.));
#540 = ORIENTED_EDGE('',*,*,#455,.T.);
#541 = ORIENTED_EDGE('',*,*,#542,.T.);
#542 = EDGE_CURVE('',#458,#498,#543,.T.);
#543 = LINE('',#544,#545);
#544 = CARTESIAN_POINT('',(165.1,330.2,101.6));
#545 = VECTOR('',#546,1.);
#546 = DIRECTION('',(1.,0.,0.));
#547 = ORIENTED_EDGE('',*,*,#495,.F.);
#548 = PLANE('',#549);
#549 = AXIS2_PLACEMENT_3D('',#550,#551,#552);
#550 = CARTESIAN_POINT('',(165.1,330.2,0.));
#551 = DIRECTION('',(0.,1.,0.));
#552 = DIRECTION('',(0.,0.,1.));
#553 = ADVANCED_FACE('',(#554),#570,.T.);
#554 = FACE_BOUND('',#555,.T.);
#555 = EDGE_LOOP('',(#556,#562,#563,#569));
#556 = ORIENTED_EDGE('',*,*,#557,.F.);
#557 = EDGE_CURVE('',#466,#506,#558,.T.);
#558 = LINE('',#559,#560);
#559 = CARTESIAN_POINT('',(165.1,1.2446E+03,0.));
#560 = VECTOR('',#561,1.);
#561 = DIRECTION('',(1.,0.,0.));
#562 = ORIENTED_EDGE('',*,*,#473,.T.);
#563 = ORIENTED_EDGE('',*,*,#564,.T.);
#564 = EDGE_CURVE('',#474,#514,#565,.T.);
#565 = LINE('',#566,#567);
#566 = CARTESIAN_POINT('',(165.1,1.2446E+03,101.6));
#567 = VECTOR('',#568,1.);
#568 = DIRECTION('',(1.,0.,0.));
#569 = ORIENTED_EDGE('',*,*,#513,.F.);
#570 = PLANE('',#571);
#571 = AXIS2_PLACEMENT_3D('',#572,#573,#574);
#572 = CARTESIAN_POINT('',(165.1,1.2446E+03,0.));
#573 = DIRECTION('',(0.,1.,0.));
#574 = DIRECTION('',(0.,0.,1.));
#575 = ADVANCED_FACE('',(#576),#582,.F.);
#576 = FACE_BOUND('',#577,.F.);
#577 = EDGE_LOOP('',(#578,#579,#580,#581));
#578 = ORIENTED_EDGE('',*,*,#465,.F.);
#579 = ORIENTED_EDGE('',*,*,#535,.T.);
#580 = ORIENTED_EDGE('',*,*,#505,.T.);
#581 = ORIENTED_EDGE('',*,*,#557,.F.);
#582 = PLANE('',#583);
#583 = AXIS2_PLACEMENT_3D('',#584,#585,#586);
#584 = CARTESIAN_POINT('',(165.1,330.2,0.));
#585 = DIRECTION('',(0.,0.,1.));
#586 = DIRECTION('',(1.,0.,0.));
#587 = ADVANCED_FACE('',(#588),#594,.T.);
#588 = FACE_BOUND('',#589,.T.);
#589 = EDGE_LOOP('',(#590,#591,#592,#593));
#590 = ORIENTED_EDGE('',*,*,#481,.F.);
#591 = ORIENTED_EDGE('',*,*,#542,.T.);
#592 = ORIENTED_EDGE('',*,*,#521,.T.);
#593 = ORIENTED_EDGE('',*,*,#564,.F.);
#594 = PLANE('',#595);
#595 = AXIS2_PLACEMENT_3D('',#596,#597,#598);
#596 = CARTESIAN_POINT('',(165.1,330.2,101.6));
#597 = DIRECTION('',(0.,0.,1.));
#598 = DIRECTION('',(1.,0.,0.));
#599 = MANIFOLD_SOLID_BREP('',#600);
#600 = CLOSED_SHELL('',(#601,#641,#681,#703,#725,#737));
#601 = ADVANCED_FACE('',(#602),#636,.F.);
#602 = FACE_BOUND('',#603,.F.);
#603 = EDGE_LOOP('',(#604,#614,#622,#630));
#604 = ORIENTED_EDGE('',*,*,#605,.F.);
#605 = EDGE_CURVE('',#606,#608,#610,.T.);
#606 = VERTEX_POINT('',#607);
#607 = CARTESIAN_POINT('',(165.1,-457.2,2.5019E+03));
#608 = VERTEX_POINT('',#609);
#609 = CARTESIAN_POINT('',(165.1,-457.2,2.6035E+03));
#610 = LINE('',#611,#612);
#611 = CARTESIAN_POINT('',(165.1,-457.2,2.5019E+03));
#612 = VECTOR('',#613,1.);
#613 = DIRECTION('',(0.,0.,1.));
#614 = ORIENTED_EDGE('',*,*,#615,.T.);
#615 = EDGE_CURVE('',#606,#616,#618,.T.);
#616 = VERTEX_POINT('',#617);
#617 = CARTESIAN_POINT('',(165.1,457.2,2.5019E+03));
#618 = LINE('',#619,#620);
#619 = CARTESIAN_POINT('',(165.1,-457.2,2.5019E+03));
#620 = VECTOR('',#621,1.);
#621 = DIRECTION('',(0.,1.,0.));
#622 = ORIENTED_EDGE('',*,*,#623,.T.);
#623 = EDGE_CURVE('',#616,#624,#626,.T.);
#624 = VERTEX_POINT('',#625);
#625 = CARTESIAN_POINT('',(165.1,457.2,2.6035E+03));
#626 = LINE('',#627,#628);
#627 = CARTESIAN_POINT('',(165.1,457.2,2.5019E+03));
#628 = VECTOR('',#629,1.);
#629 = DIRECTION('',(0.,0.,1.));
#630 = ORIENTED_EDGE('',*,*,#631,.F.);
#631 = EDGE_CURVE('',#608,#624,#632,.T.);
#632 = LINE('',#633,#634);
#633 = CARTESIAN_POINT('',(165.1,-457.2,2.6035E+03));
#634 = VECTOR('',#635,1.);
#635 = DIRECTION('',(0.,1.,0.));
#636 = PLANE('',#637);
#637 = AXIS2_PLACEMENT_3D('',#638,#639,#640);
#638 = CARTESIAN_POINT('',(165.1,-457.2,2.5019E+03));
#639 = DIRECTION('',(1.,0.,0.));
#640 = DIRECTION('',(0.,0.,1.));
#641 = ADVANCED_FACE('',(#642),#676,.T.);
#642 = FACE_BOUND('',#643,.T.);
#643 = EDGE_LOOP('',(#644,#654,#662,#670));
#644 = ORIENTED_EDGE('',*,*,#645,.F.);
#645 = EDGE_CURVE('',#646,#648,#650,.T.);
#646 = VERTEX_POINT('',#647);
#647 = CARTESIAN_POINT('',(1.6383E+03,-457.2,2.5019E+03));
#648 = VERTEX_POINT('',#649);
#649 = CARTESIAN_POINT('',(1.6383E+03,-457.2,2.6035E+03));
#650 = LINE('',#651,#652);
#651 = CARTESIAN_POINT('',(1.6383E+03,-457.2,2.5019E+03));
#652 = VECTOR('',#653,1.);
#653 = DIRECTION('',(0.,0.,1.));
#654 = ORIENTED_EDGE('',*,*,#655,.T.);
#655 = EDGE_CURVE('',#646,#656,#658,.T.);
#656 = VERTEX_POINT('',#657);
#657 = CARTESIAN_POINT('',(1.6383E+03,457.2,2.5019E+03));
#658 = LINE('',#659,#660);
#659 = CARTESIAN_POINT('',(1.6383E+03,-457.2,2.5019E+03));
#660 = VECTOR('',#661,1.);
#661 = DIRECTION('',(0.,1.,0.));
#662 = ORIENTED_EDGE('',*,*,#663,.T.);
#663 = EDGE_CURVE('',#656,#664,#666,.T.);
#664 = VERTEX_POINT('',#665);
#665 = CARTESIAN_POINT('',(1.6383E+03,457.2,2.6035E+03));
#666 = LINE('',#667,#668);
#667 = CARTESIAN_POINT('',(1.6383E+03,457.2,2.5019E+03));
#668 = VECTOR('',#669,1.);
#669 = DIRECTION('',(0.,0.,1.));
#670 = ORIENTED_EDGE('',*,*,#671,.F.);
#671 = EDGE_CURVE('',#648,#664,#672,.T.);
#672 = LINE('',#673,#674);
#673 = CARTESIAN_POINT('',(1.6383E+03,-457.2,2.6035E+03));
#674 = VECTOR('',#675,1.);
#675 = DIRECTION('',(0.,1.,0.));
#676 = PLANE('',#677);
#677 = AXIS2_PLACEMENT_3D('',#678,#679,#680);
#678 = CARTESIAN_POINT('',(1.6383E+03,-457.2,2.5019E+03));
#679 = DIRECTION('',(1.,0.,0.));
#680 = DIRECTION('',(0.,0.,1.));
#681 = ADVANCED_FACE('',(#682),#698,.F.);
#682 = FACE_BOUND('',#683,.F.);
#683 = EDGE_LOOP('',(#684,#690,#691,#697));
#684 = ORIENTED_EDGE('',*,*,#685,.F.);
#685 = EDGE_CURVE('',#606,#646,#686,.T.);
#686 = LINE('',#687,#688);
#687 = CARTESIAN_POINT('',(165.1,-457.2,2.5019E+03));
#688 = VECTOR('',#689,1.);
#689 = DIRECTION('',(1.,0.,0.));
#690 = ORIENTED_EDGE('',*,*,#605,.T.);
#691 = ORIENTED_EDGE('',*,*,#692,.T.);
#692 = EDGE_CURVE('',#608,#648,#693,.T.);
#693 = LINE('',#694,#695);
#694 = CARTESIAN_POINT('',(165.1,-457.2,2.6035E+03));
#695 = VECTOR('',#696,1.);
#696 = DIRECTION('',(1.,0.,0.));
#697 = ORIENTED_EDGE('',*,*,#645,.F.);
#698 = PLANE('',#699);
#699 = AXIS2_PLACEMENT_3D('',#700,#701,#702);
#700 = CARTESIAN_POINT('',(165.1,-457.2,2.5019E+03));
#701 = DIRECTION('',(0.,1.,0.));
#702 = DIRECTION('',(0.,0.,1.));
#703 = ADVANCED_FACE('',(#704),#720,.T.);
#704 = FACE_BOUND('',#705,.T.);
#705 = EDGE_LOOP('',(#706,#712,#713,#719));
#706 = ORIENTED_EDGE('',*,*,#707,.F.);
#707 = EDGE_CURVE('',#616,#656,#708,.T.);
#708 = LINE('',#709,#710);
#709 = CARTESIAN_POINT('',(165.1,457.2,2.5019E+03));
#710 = VECTOR('',#711,1.);
#711 = DIRECTION('',(1.,0.,0.));
#712 = ORIENTED_EDGE('',*,*,#623,.T.);
#713 = ORIENTED_EDGE('',*,*,#714,.T.);
#714 = EDGE_CURVE('',#624,#664,#715,.T.);
#715 = LINE('',#716,#717);
#716 = CARTESIAN_POINT('',(165.1,457.2,2.6035E+03));
#717 = VECTOR('',#718,1.);
#718 = DIRECTION('',(1.,0.,0.));
#719 = ORIENTED_EDGE('',*,*,#663,.F.);
#720 = PLANE('',#721);
#721 = AXIS2_PLACEMENT_3D('',#722,#723,#724);
#722 = CARTESIAN_POINT('',(165.1,457.2,2.5019E+03));
#723 = DIRECTION('',(0.,1.,0.));
#724 = DIRECTION('',(0.,0.,1.));
#725 = ADVANCED_FACE('',(#726),#732,.F.);
#726 = FACE_BOUND('',#727,.F.);
#727 = EDGE_LOOP('',(#728,#729,#730,#731));
#728 = ORIENTED_EDGE('',*,*,#615,.F.);
#729 = ORIENTED_EDGE('',*,*,#685,.T.);
#730 = ORIENTED_EDGE('',*,*,#655,.T.);
#731 = ORIENTED_EDGE('',*,*,#707,.F.);
#732 = PLANE('',#733);
#733 = AXIS2_PLACEMENT_3D('',#734,#735,#736);
#734 = CARTESIAN_POINT('',(165.1,-457.2,2.5019E+03));
#735 = DIRECTION('',(0.,0.,1.));
#736 = DIRECTION('',(1.,0.,0.));
#737 = ADVANCED_FACE('',(#738),#744,.T.);
#738 = FACE_BOUND('',#739,.T.);
#739 = EDGE_LOOP('',(#740,#741,#742,#743));
#740 = ORIENTED_EDGE('',*,*,#631,.F.);
#741 = ORIENTED_EDGE('',*,*,#692,.T.);
#742 = ORIENTED_EDGE('',*,*,#671,.T.);
#743 = ORIENTED_EDGE('',*,*,#714,.F.);
#744 = PLANE('',#745);
#745 = AXIS2_PLACEMENT_3D('',#746,#747,#748);
#746 = CARTESIAN_POINT('',(165.1,-457.2,2.6035E+03));
#747 = DIRECTION('',(0.,0.,1.));
#748 = DIRECTION('',(1.,0.,0.));
#749 = MANIFOLD_SOLID_BREP('',#750);
#750 = CLOSED_SHELL('',(#751,#791,#831,#853,#875,#887));
#751 = ADVANCED_FACE('',(#752),#786,.F.);
#752 = FACE_BOUND('',#753,.F.);
#753 = EDGE_LOOP('',(#754,#764,#772,#780));
#754 = ORIENTED_EDGE('',*,*,#755,.F.);
#755 = EDGE_CURVE('',#756,#758,#760,.T.);
#756 = VERTEX_POINT('',#757);
#757 = CARTESIAN_POINT('',(-50.8,-50.8,7.366E+03));
#758 = VERTEX_POINT('',#759);
#759 = CARTESIAN_POINT('',(-50.8,-50.8,7.4676E+03));
#760 = LINE('',#761,#762);
#761 = CARTESIAN_POINT('',(-50.8,-50.8,7.366E+03));
#762 = VECTOR('',#763,1.);
#763 = DIRECTION('',(0.,0.,1.));
#764 = ORIENTED_EDGE('',*,*,#765,.T.);
#765 = EDGE_CURVE('',#756,#766,#768,.T.);
#766 = VERTEX_POINT('',#767);
#767 = CARTESIAN_POINT('',(-50.8,838.2,7.366E+03));
#768 = LINE('',#769,#770);
#769 = CARTESIAN_POINT('',(-50.8,-50.8,7.366E+03));
#770 = VECTOR('',#771,1.);
#771 = DIRECTION('',(0.,1.,0.));
#772 = ORIENTED_EDGE('',*,*,#773,.T.);
#773 = EDGE_CURVE('',#766,#774,#776,.T.);
#774 = VERTEX_POINT('',#775);
#775 = CARTESIAN_POINT('',(-50.8,838.2,7.4676E+03));
#776 = LINE('',#777,#778);
#777 = CARTESIAN_POINT('',(-50.8,838.2,7.366E+03));
#778 = VECTOR('',#779,1.);
#779 = DIRECTION('',(0.,0.,1.));
#780 = ORIENTED_EDGE('',*,*,#781,.F.);
#781 = EDGE_CURVE('',#758,#774,#782,.T.);
#782 = LINE('',#783,#784);
#783 = CARTESIAN_POINT('',(-50.8,-50.8,7.4676E+03));
#784 = VECTOR('',#785,1.);
#785 = DIRECTION('',(0.,1.,0.));
#786 = PLANE('',#787);
#787 = AXIS2_PLACEMENT_3D('',#788,#789,#790);
#788 = CARTESIAN_POINT('',(-50.8,-50.8,7.366E+03));
#789 = DIRECTION('',(1.,0.,0.));
#790 = DIRECTION('',(0.,0.,1.));
#791 = ADVANCED_FACE('',(#792),#826,.T.);
#792 = FACE_BOUND('',#793,.T.);
#793 = EDGE_LOOP('',(#794,#804,#812,#820));
#794 = ORIENTED_EDGE('',*,*,#795,.F.);
#795 = EDGE_CURVE('',#796,#798,#800,.T.);
#796 = VERTEX_POINT('',#797);
#797 = CARTESIAN_POINT('',(1.8542E+03,-50.8,7.366E+03));
#798 = VERTEX_POINT('',#799);
#799 = CARTESIAN_POINT('',(1.8542E+03,-50.8,7.4676E+03));
#800 = LINE('',#801,#802);
#801 = CARTESIAN_POINT('',(1.8542E+03,-50.8,7.366E+03));
#802 = VECTOR('',#803,1.);
#803 = DIRECTION('',(0.,0.,1.));
#804 = ORIENTED_EDGE('',*,*,#805,.T.);
#805 = EDGE_CURVE('',#796,#806,#808,.T.);
#806 = VERTEX_POINT('',#807);
#807 = CARTESIAN_POINT('',(1.8542E+03,838.2,7.366E+03));
#808 = LINE('',#809,#810);
#809 = CARTESIAN_POINT('',(1.8542E+03,-50.8,7.366E+03));
#810 = VECTOR('',#811,1.);
#811 = DIRECTION('',(0.,1.,0.));
#812 = ORIENTED_EDGE('',*,*,#813,.T.);
#813 = EDGE_CURVE('',#806,#814,#816,.T.);
#814 = VERTEX_POINT('',#815);
#815 = CARTESIAN_POINT('',(1.8542E+03,838.2,7.4676E+03));
#816 = LINE('',#817,#818);
#817 = CARTESIAN_POINT('',(1.8542E+03,838.2,7.366E+03));
#818 = VECTOR('',#819,1.);
#819 = DIRECTION('',(0.,0.,1.));
#820 = ORIENTED_EDGE('',*,*,#821,.F.);
#821 = EDGE_CURVE('',#798,#814,#822,.T.);
#822 = LINE('',#823,#824);
#823 = CARTESIAN_POINT('',(1.8542E+03,-50.8,7.4676E+03));
#824 = VECTOR('',#825,1.);
#825 = DIRECTION('',(0.,1.,0.));
#826 = PLANE('',#827);
#827 = AXIS2_PLACEMENT_3D('',#828,#829,#830);
#828 = CARTESIAN_POINT('',(1.8542E+03,-50.8,7.366E+03));
#829 = DIRECTION('',(1.,0.,0.));
#830 = DIRECTION('',(0.,0.,1.));
#831 = ADVANCED_FACE('',(#832),#848,.F.);
#832 = FACE_BOUND('',#833,.F.);
#833 = EDGE_LOOP('',(#834,#840,#841,#847));
#834 = ORIENTED_EDGE('',*,*,#835,.F.);
#835 = EDGE_CURVE('',#756,#796,#836,.T.);
#836 = LINE('',#837,#838);
#837 = CARTESIAN_POINT('',(-50.8,-50.8,7.366E+03));
#838 = VECTOR('',#839,1.);
#839 = DIRECTION('',(1.,0.,0.));
#840 = ORIENTED_EDGE('',*,*,#755,.T.);
#841 = ORIENTED_EDGE('',*,*,#842,.T.);
#842 = EDGE_CURVE('',#758,#798,#843,.T.);
#843 = LINE('',#844,#845);
#844 = CARTESIAN_POINT('',(-50.8,-50.8,7.4676E+03));
#845 = VECTOR('',#846,1.);
#846 = DIRECTION('',(1.,0.,0.));
#847 = ORIENTED_EDGE('',*,*,#795,.F.);
#848 = PLANE('',#849);
#849 = AXIS2_PLACEMENT_3D('',#850,#851,#852);
#850 = CARTESIAN_POINT('',(-50.8,-50.8,7.366E+03));
#851 = DIRECTION('',(0.,1.,0.));
#852 = DIRECTION('',(0.,0.,1.));
#853 = ADVANCED_FACE('',(#854),#870,.T.);
#854 = FACE_BOUND('',#855,.T.);
#855 = EDGE_LOOP('',(#856,#862,#863,#869));
#856 = ORIENTED_EDGE('',*,*,#857,.F.);
#857 = EDGE_CURVE('',#766,#806,#858,.T.);
#858 = LINE('',#859,#860);
#859 = CARTESIAN_POINT('',(-50.8,838.2,7.366E+03));
#860 = VECTOR('',#861,1.);
#861 = DIRECTION('',(1.,0.,0.));
#862 = ORIENTED_EDGE('',*,*,#773,.T.);
#863 = ORIENTED_EDGE('',*,*,#864,.T.);
#864 = EDGE_CURVE('',#774,#814,#865,.T.);
#865 = LINE('',#866,#867);
#866 = CARTESIAN_POINT('',(-50.8,838.2,7.4676E+03));
#867 = VECTOR('',#868,1.);
#868 = DIRECTION('',(1.,0.,0.));
#869 = ORIENTED_EDGE('',*,*,#813,.F.);
#870 = PLANE('',#871);
#871 = AXIS2_PLACEMENT_3D('',#872,#873,#874);
#872 = CARTESIAN_POINT('',(-50.8,838.2,7.366E+03));
#873 = DIRECTION('',(0.,1.,0.));
#874 = DIRECTION('',(0.,0.,1.));
#875 = ADVANCED_FACE('',(#876),#882,.F.);
#876 = FACE_BOUND('',#877,.F.);
#877 = EDGE_LOOP('',(#878,#879,#880,#881));
#878 = ORIENTED_EDGE('',*,*,#765,.F.);
#879 = ORIENTED_EDGE('',*,*,#835,.T.);
#880 = ORIENTED_EDGE('',*,*,#805,.T.);
#881 = ORIENTED_EDGE('',*,*,#857,.F.);
#882 = PLANE('',#883);
#883 = AXIS2_PLACEMENT_3D('',#884,#885,#886);
#884 = CARTESIAN_POINT('',(-50.8,-50.8,7.366E+03));
#885 = DIRECTION('',(0.,0.,1.));
#886 = DIRECTION('',(1.,0.,0.));
#887 = ADVANCED_FACE('',(#888),#894,.T.);
#888 = FACE_BOUND('',#889,.T.);
#889 = EDGE_LOOP('',(#890,#891,#892,#893));
#890 = ORIENTED_EDGE('',*,*,#781,.F.);
#891 = ORIENTED_EDGE('',*,*,#842,.T.);
#892 = ORIENTED_EDGE('',*,*,#821,.T.);
#893 = ORIENTED_EDGE('',*,*,#864,.F.);
#894 = PLANE('',#895);
#895 = AXIS2_PLACEMENT_3D('',#896,#897,#898);
#896 = CARTESIAN_POINT('',(-50.8,-50.8,7.4676E+03));
#897 = DIRECTION('',(0.,0.,1.));
#898 = DIRECTION('',(1.,0.,0.));
#899 = MANIFOLD_SOLID_BREP('',#900);
#900 = CLOSED_SHELL('',(#901,#941,#972,#1030,#1054,#1105,#1117,#1139,
    #1156,#1173));
#901 = ADVANCED_FACE('',(#902),#936,.F.);
#902 = FACE_BOUND('',#903,.F.);
#903 = EDGE_LOOP('',(#904,#914,#922,#930));
#904 = ORIENTED_EDGE('',*,*,#905,.F.);
#905 = EDGE_CURVE('',#906,#908,#910,.T.);
#906 = VERTEX_POINT('',#907);
#907 = CARTESIAN_POINT('',(208.28,241.3,7.366E+03));
#908 = VERTEX_POINT('',#909);
#909 = CARTESIAN_POINT('',(208.28,241.3,7.9248E+03));
#910 = LINE('',#911,#912);
#911 = CARTESIAN_POINT('',(208.28,241.3,7.366E+03));
#912 = VECTOR('',#913,1.);
#913 = DIRECTION('',(0.,0.,1.));
#914 = ORIENTED_EDGE('',*,*,#915,.T.);
#915 = EDGE_CURVE('',#906,#916,#918,.T.);
#916 = VERTEX_POINT('',#917);
#917 = CARTESIAN_POINT('',(208.28,546.1,7.366E+03));
#918 = LINE('',#919,#920);
#919 = CARTESIAN_POINT('',(208.28,241.3,7.366E+03));
#920 = VECTOR('',#921,1.);
#921 = DIRECTION('',(0.,1.,0.));
#922 = ORIENTED_EDGE('',*,*,#923,.T.);
#923 = EDGE_CURVE('',#916,#924,#926,.T.);
#924 = VERTEX_POINT('',#925);
#925 = CARTESIAN_POINT('',(208.28,546.1,7.9248E+03));
#926 = LINE('',#927,#928);
#927 = CARTESIAN_POINT('',(208.28,546.1,7.366E+03));
#928 = VECTOR('',#929,1.);
#929 = DIRECTION('',(0.,0.,1.));
#930 = ORIENTED_EDGE('',*,*,#931,.F.);
#931 = EDGE_CURVE('',#908,#924,#932,.T.);
#932 = LINE('',#933,#934);
#933 = CARTESIAN_POINT('',(208.28,241.3,7.9248E+03));
#934 = VECTOR('',#935,1.);
#935 = DIRECTION('',(0.,1.,0.));
#936 = PLANE('',#937);
#937 = AXIS2_PLACEMENT_3D('',#938,#939,#940);
#938 = CARTESIAN_POINT('',(208.28,241.3,7.366E+03));
#939 = DIRECTION('',(1.,0.,0.));
#940 = DIRECTION('',(0.,0.,1.));
#941 = ADVANCED_FACE('',(#942),#967,.F.);
#942 = FACE_BOUND('',#943,.F.);
#943 = EDGE_LOOP('',(#944,#952,#953,#961));
#944 = ORIENTED_EDGE('',*,*,#945,.F.);
#945 = EDGE_CURVE('',#906,#946,#948,.T.);
#946 = VERTEX_POINT('',#947);
#947 = CARTESIAN_POINT('',(513.08,241.3,7.366E+03));
#948 = LINE('',#949,#950);
#949 = CARTESIAN_POINT('',(208.28,241.3,7.366E+03));
#950 = VECTOR('',#951,1.);
#951 = DIRECTION('',(1.,0.,0.));
#952 = ORIENTED_EDGE('',*,*,#905,.T.);
#953 = ORIENTED_EDGE('',*,*,#954,.T.);
#954 = EDGE_CURVE('',#908,#955,#957,.T.);
#955 = VERTEX_POINT('',#956);
#956 = CARTESIAN_POINT('',(513.08,241.3,7.9248E+03));
#957 = LINE('',#958,#959);
#958 = CARTESIAN_POINT('',(208.28,241.3,7.9248E+03));
#959 = VECTOR('',#960,1.);
#960 = DIRECTION('',(1.,0.,0.));
#961 = ORIENTED_EDGE('',*,*,#962,.F.);
#962 = EDGE_CURVE('',#946,#955,#963,.T.);
#963 = LINE('',#964,#965);
#964 = CARTESIAN_POINT('',(513.08,241.3,7.366E+03));
#965 = VECTOR('',#966,1.);
#966 = DIRECTION('',(0.,0.,1.));
#967 = PLANE('',#968);
#968 = AXIS2_PLACEMENT_3D('',#969,#970,#971);
#969 = CARTESIAN_POINT('',(208.28,241.3,7.366E+03));
#970 = DIRECTION('',(0.,1.,0.));
#971 = DIRECTION('',(0.,0.,1.));
#972 = ADVANCED_FACE('',(#973,#991),#1025,.T.);
#973 = FACE_BOUND('',#974,.T.);
#974 = EDGE_LOOP('',(#975,#976,#977,#985));
#975 = ORIENTED_EDGE('',*,*,#931,.F.);
#976 = ORIENTED_EDGE('',*,*,#954,.T.);
#977 = ORIENTED_EDGE('',*,*,#978,.T.);
#978 = EDGE_CURVE('',#955,#979,#981,.T.);
#979 = VERTEX_POINT('',#980);
#980 = CARTESIAN_POINT('',(513.08,546.1,7.9248E+03));
#981 = LINE('',#982,#983);
#982 = CARTESIAN_POINT('',(513.08,241.3,7.9248E+03));
#983 = VECTOR('',#984,1.);
#984 = DIRECTION('',(0.,1.,0.));
#985 = ORIENTED_EDGE('',*,*,#986,.F.);
#986 = EDGE_CURVE('',#924,#979,#987,.T.);
#987 = LINE('',#988,#989);
#988 = CARTESIAN_POINT('',(208.28,546.1,7.9248E+03));
#989 = VECTOR('',#990,1.);
#990 = DIRECTION('',(1.,0.,0.));
#991 = FACE_BOUND('',#992,.T.);
#992 = EDGE_LOOP('',(#993,#1003,#1011,#1019));
#993 = ORIENTED_EDGE('',*,*,#994,.T.);
#994 = EDGE_CURVE('',#995,#997,#999,.T.);
#995 = VERTEX_POINT('',#996);
#996 = CARTESIAN_POINT('',(487.68,266.7,7.9248E+03));
#997 = VERTEX_POINT('',#998);
#998 = CARTESIAN_POINT('',(233.68,266.7,7.9248E+03));
#999 = LINE('',#1000,#1001);
#1000 = CARTESIAN_POINT('',(220.98,266.7,7.9248E+03));
#1001 = VECTOR('',#1002,1.);
#1002 = DIRECTION('',(-1.,0.,0.));
#1003 = ORIENTED_EDGE('',*,*,#1004,.T.);
#1004 = EDGE_CURVE('',#997,#1005,#1007,.T.);
#1005 = VERTEX_POINT('',#1006);
#1006 = CARTESIAN_POINT('',(233.68,520.7,7.9248E+03));
#1007 = LINE('',#1008,#1009);
#1008 = CARTESIAN_POINT('',(233.68,254.,7.9248E+03));
#1009 = VECTOR('',#1010,1.);
#1010 = DIRECTION('',(0.,1.,0.));
#1011 = ORIENTED_EDGE('',*,*,#1012,.F.);
#1012 = EDGE_CURVE('',#1013,#1005,#1015,.T.);
#1013 = VERTEX_POINT('',#1014);
#1014 = CARTESIAN_POINT('',(487.68,520.7,7.9248E+03));
#1015 = LINE('',#1016,#1017);
#1016 = CARTESIAN_POINT('',(220.98,520.7,7.9248E+03));
#1017 = VECTOR('',#1018,1.);
#1018 = DIRECTION('',(-1.,0.,0.));
#1019 = ORIENTED_EDGE('',*,*,#1020,.F.);
#1020 = EDGE_CURVE('',#995,#1013,#1021,.T.);
#1021 = LINE('',#1022,#1023);
#1022 = CARTESIAN_POINT('',(487.68,254.,7.9248E+03));
#1023 = VECTOR('',#1024,1.);
#1024 = DIRECTION('',(0.,1.,0.));
#1025 = PLANE('',#1026);
#1026 = AXIS2_PLACEMENT_3D('',#1027,#1028,#1029);
#1027 = CARTESIAN_POINT('',(208.28,241.3,7.9248E+03));
#1028 = DIRECTION('',(0.,0.,1.));
#1029 = DIRECTION('',(1.,0.,0.));
#1030 = ADVANCED_FACE('',(#1031),#1049,.T.);
#1031 = FACE_BOUND('',#1032,.T.);
#1032 = EDGE_LOOP('',(#1033,#1041,#1042,#1043));
#1033 = ORIENTED_EDGE('',*,*,#1034,.F.);
#1034 = EDGE_CURVE('',#916,#1035,#1037,.T.);
#1035 = VERTEX_POINT('',#1036);
#1036 = CARTESIAN_POINT('',(513.08,546.1,7.366E+03));
#1037 = LINE('',#1038,#1039);
#1038 = CARTESIAN_POINT('',(208.28,546.1,7.366E+03));
#1039 = VECTOR('',#1040,1.);
#1040 = DIRECTION('',(1.,0.,0.));
#1041 = ORIENTED_EDGE('',*,*,#923,.T.);
#1042 = ORIENTED_EDGE('',*,*,#986,.T.);
#1043 = ORIENTED_EDGE('',*,*,#1044,.F.);
#1044 = EDGE_CURVE('',#1035,#979,#1045,.T.);
#1045 = LINE('',#1046,#1047);
#1046 = CARTESIAN_POINT('',(513.08,546.1,7.366E+03));
#1047 = VECTOR('',#1048,1.);
#1048 = DIRECTION('',(0.,0.,1.));
#1049 = PLANE('',#1050);
#1050 = AXIS2_PLACEMENT_3D('',#1051,#1052,#1053);
#1051 = CARTESIAN_POINT('',(208.28,546.1,7.366E+03));
#1052 = DIRECTION('',(0.,1.,0.));
#1053 = DIRECTION('',(0.,0.,1.));
#1054 = ADVANCED_FACE('',(#1055,#1066),#1100,.F.);
#1055 = FACE_BOUND('',#1056,.F.);
#1056 = EDGE_LOOP('',(#1057,#1058,#1059,#1065));
#1057 = ORIENTED_EDGE('',*,*,#915,.F.);
#1058 = ORIENTED_EDGE('',*,*,#945,.T.);
#1059 = ORIENTED_EDGE('',*,*,#1060,.T.);
#1060 = EDGE_CURVE('',#946,#1035,#1061,.T.);
#1061 = LINE('',#1062,#1063);
#1062 = CARTESIAN_POINT('',(513.08,241.3,7.366E+03));
#1063 = VECTOR('',#1064,1.);
#1064 = DIRECTION('',(0.,1.,0.));
#1065 = ORIENTED_EDGE('',*,*,#1034,.F.);
#1066 = FACE_BOUND('',#1067,.F.);
#1067 = EDGE_LOOP('',(#1068,#1078,#1086,#1094));
#1068 = ORIENTED_EDGE('',*,*,#1069,.T.);
#1069 = EDGE_CURVE('',#1070,#1072,#1074,.T.);
#1070 = VERTEX_POINT('',#1071);
#1071 = CARTESIAN_POINT('',(487.68,266.7,7.366E+03));
#1072 = VERTEX_POINT('',#1073);
#1073 = CARTESIAN_POINT('',(233.68,266.7,7.366E+03));
#1074 = LINE('',#1075,#1076);
#1075 = CARTESIAN_POINT('',(220.98,266.7,7.366E+03));
#1076 = VECTOR('',#1077,1.);
#1077 = DIRECTION('',(-1.,0.,0.));
#1078 = ORIENTED_EDGE('',*,*,#1079,.T.);
#1079 = EDGE_CURVE('',#1072,#1080,#1082,.T.);
#1080 = VERTEX_POINT('',#1081);
#1081 = CARTESIAN_POINT('',(233.68,520.7,7.366E+03));
#1082 = LINE('',#1083,#1084);
#1083 = CARTESIAN_POINT('',(233.68,254.,7.366E+03));
#1084 = VECTOR('',#1085,1.);
#1085 = DIRECTION('',(0.,1.,0.));
#1086 = ORIENTED_EDGE('',*,*,#1087,.F.);
#1087 = EDGE_CURVE('',#1088,#1080,#1090,.T.);
#1088 = VERTEX_POINT('',#1089);
#1089 = CARTESIAN_POINT('',(487.68,520.7,7.366E+03));
#1090 = LINE('',#1091,#1092);
#1091 = CARTESIAN_POINT('',(220.98,520.7,7.366E+03));
#1092 = VECTOR('',#1093,1.);
#1093 = DIRECTION('',(-1.,0.,0.));
#1094 = ORIENTED_EDGE('',*,*,#1095,.F.);
#1095 = EDGE_CURVE('',#1070,#1088,#1096,.T.);
#1096 = LINE('',#1097,#1098);
#1097 = CARTESIAN_POINT('',(487.68,254.,7.366E+03));
#1098 = VECTOR('',#1099,1.);
#1099 = DIRECTION('',(0.,1.,0.));
#1100 = PLANE('',#1101);
#1101 = AXIS2_PLACEMENT_3D('',#1102,#1103,#1104);
#1102 = CARTESIAN_POINT('',(208.28,241.3,7.366E+03));
#1103 = DIRECTION('',(0.,0.,1.));
#1104 = DIRECTION('',(1.,0.,0.));
#1105 = ADVANCED_FACE('',(#1106),#1112,.T.);
#1106 = FACE_BOUND('',#1107,.T.);
#1107 = EDGE_LOOP('',(#1108,#1109,#1110,#1111));
#1108 = ORIENTED_EDGE('',*,*,#962,.F.);
#1109 = ORIENTED_EDGE('',*,*,#1060,.T.);
#1110 = ORIENTED_EDGE('',*,*,#1044,.T.);
#1111 = ORIENTED_EDGE('',*,*,#978,.F.);
#1112 = PLANE('',#1113);
#1113 = AXIS2_PLACEMENT_3D('',#1114,#1115,#1116);
#1114 = CARTESIAN_POINT('',(513.08,241.3,7.366E+03));
#1115 = DIRECTION('',(1.,0.,0.));
#1116 = DIRECTION('',(0.,0.,1.));
#1117 = ADVANCED_FACE('',(#1118),#1134,.T.);
#1118 = FACE_BOUND('',#1119,.T.);
#1119 = EDGE_LOOP('',(#1120,#1126,#1127,#1133));
#1120 = ORIENTED_EDGE('',*,*,#1121,.F.);
#1121 = EDGE_CURVE('',#1070,#995,#1122,.T.);
#1122 = LINE('',#1123,#1124);
#1123 = CARTESIAN_POINT('',(487.68,266.7,7.3655E+03));
#1124 = VECTOR('',#1125,1.);
#1125 = DIRECTION('',(0.,0.,1.));
#1126 = ORIENTED_EDGE('',*,*,#1069,.T.);
#1127 = ORIENTED_EDGE('',*,*,#1128,.T.);
#1128 = EDGE_CURVE('',#1072,#997,#1129,.T.);
#1129 = LINE('',#1130,#1131);
#1130 = CARTESIAN_POINT('',(233.68,266.7,7.3655E+03));
#1131 = VECTOR('',#1132,1.);
#1132 = DIRECTION('',(0.,0.,1.));
#1133 = ORIENTED_EDGE('',*,*,#994,.F.);
#1134 = PLANE('',#1135);
#1135 = AXIS2_PLACEMENT_3D('',#1136,#1137,#1138);
#1136 = CARTESIAN_POINT('',(233.68,266.7,7.3655E+03));
#1137 = DIRECTION('',(0.,1.,0.));
#1138 = DIRECTION('',(0.,0.,1.));
#1139 = ADVANCED_FACE('',(#1140),#1151,.F.);
#1140 = FACE_BOUND('',#1141,.F.);
#1141 = EDGE_LOOP('',(#1142,#1143,#1144,#1150));
#1142 = ORIENTED_EDGE('',*,*,#1121,.F.);
#1143 = ORIENTED_EDGE('',*,*,#1095,.T.);
#1144 = ORIENTED_EDGE('',*,*,#1145,.T.);
#1145 = EDGE_CURVE('',#1088,#1013,#1146,.T.);
#1146 = LINE('',#1147,#1148);
#1147 = CARTESIAN_POINT('',(487.68,520.7,7.3655E+03));
#1148 = VECTOR('',#1149,1.);
#1149 = DIRECTION('',(0.,0.,1.));
#1150 = ORIENTED_EDGE('',*,*,#1020,.F.);
#1151 = PLANE('',#1152);
#1152 = AXIS2_PLACEMENT_3D('',#1153,#1154,#1155);
#1153 = CARTESIAN_POINT('',(487.68,266.7,7.3655E+03));
#1154 = DIRECTION('',(1.,0.,0.));
#1155 = DIRECTION('',(0.,0.,1.));
#1156 = ADVANCED_FACE('',(#1157),#1168,.F.);
#1157 = FACE_BOUND('',#1158,.F.);
#1158 = EDGE_LOOP('',(#1159,#1160,#1161,#1167));
#1159 = ORIENTED_EDGE('',*,*,#1145,.F.);
#1160 = ORIENTED_EDGE('',*,*,#1087,.T.);
#1161 = ORIENTED_EDGE('',*,*,#1162,.T.);
#1162 = EDGE_CURVE('',#1080,#1005,#1163,.T.);
#1163 = LINE('',#1164,#1165);
#1164 = CARTESIAN_POINT('',(233.68,520.7,7.3655E+03));
#1165 = VECTOR('',#1166,1.);
#1166 = DIRECTION('',(0.,0.,1.));
#1167 = ORIENTED_EDGE('',*,*,#1012,.F.);
#1168 = PLANE('',#1169);
#1169 = AXIS2_PLACEMENT_3D('',#1170,#1171,#1172);
#1170 = CARTESIAN_POINT('',(233.68,520.7,7.3655E+03));
#1171 = DIRECTION('',(0.,1.,0.));
#1172 = DIRECTION('',(0.,0.,1.));
#1173 = ADVANCED_FACE('',(#1174),#1180,.T.);
#1174 = FACE_BOUND('',#1175,.T.);
#1175 = EDGE_LOOP('',(#1176,#1177,#1178,#1179));
#1176 = ORIENTED_EDGE('',*,*,#1128,.F.);
#1177 = ORIENTED_EDGE('',*,*,#1079,.T.);
#1178 = ORIENTED_EDGE('',*,*,#1162,.T.);
#1179 = ORIENTED_EDGE('',*,*,#1004,.F.);
#1180 = PLANE('',#1181);
#1181 = AXIS2_PLACEMENT_3D('',#1182,#1183,#1184);
#1182 = CARTESIAN_POINT('',(233.68,266.7,7.3655E+03));
#1183 = DIRECTION('',(1.,0.,0.));
#1184 = DIRECTION('',(0.,0.,1.));
#1185 = MANIFOLD_SOLID_BREP('',#1186);
#1186 = CLOSED_SHELL('',(#1187,#1227,#1258,#1316,#1340,#1391,#1403,#1425
    ,#1442,#1459));
#1187 = ADVANCED_FACE('',(#1188),#1222,.F.);
#1188 = FACE_BOUND('',#1189,.F.);
#1189 = EDGE_LOOP('',(#1190,#1200,#1208,#1216));
#1190 = ORIENTED_EDGE('',*,*,#1191,.F.);
#1191 = EDGE_CURVE('',#1192,#1194,#1196,.T.);
#1192 = VERTEX_POINT('',#1193);
#1193 = CARTESIAN_POINT('',(749.3,241.3,7.366E+03));
#1194 = VERTEX_POINT('',#1195);
#1195 = CARTESIAN_POINT('',(749.3,241.3,7.9248E+03));
#1196 = LINE('',#1197,#1198);
#1197 = CARTESIAN_POINT('',(749.3,241.3,7.366E+03));
#1198 = VECTOR('',#1199,1.);
#1199 = DIRECTION('',(0.,0.,1.));
#1200 = ORIENTED_EDGE('',*,*,#1201,.T.);
#1201 = EDGE_CURVE('',#1192,#1202,#1204,.T.);
#1202 = VERTEX_POINT('',#1203);
#1203 = CARTESIAN_POINT('',(749.3,546.1,7.366E+03));
#1204 = LINE('',#1205,#1206);
#1205 = CARTESIAN_POINT('',(749.3,241.3,7.366E+03));
#1206 = VECTOR('',#1207,1.);
#1207 = DIRECTION('',(0.,1.,0.));
#1208 = ORIENTED_EDGE('',*,*,#1209,.T.);
#1209 = EDGE_CURVE('',#1202,#1210,#1212,.T.);
#1210 = VERTEX_POINT('',#1211);
#1211 = CARTESIAN_POINT('',(749.3,546.1,7.9248E+03));
#1212 = LINE('',#1213,#1214);
#1213 = CARTESIAN_POINT('',(749.3,546.1,7.366E+03));
#1214 = VECTOR('',#1215,1.);
#1215 = DIRECTION('',(0.,0.,1.));
#1216 = ORIENTED_EDGE('',*,*,#1217,.F.);
#1217 = EDGE_CURVE('',#1194,#1210,#1218,.T.);
#1218 = LINE('',#1219,#1220);
#1219 = CARTESIAN_POINT('',(749.3,241.3,7.9248E+03));
#1220 = VECTOR('',#1221,1.);
#1221 = DIRECTION('',(0.,1.,0.));
#1222 = PLANE('',#1223);
#1223 = AXIS2_PLACEMENT_3D('',#1224,#1225,#1226);
#1224 = CARTESIAN_POINT('',(749.3,241.3,7.366E+03));
#1225 = DIRECTION('',(1.,0.,0.));
#1226 = DIRECTION('',(0.,0.,1.));
#1227 = ADVANCED_FACE('',(#1228),#1253,.F.);
#1228 = FACE_BOUND('',#1229,.F.);
#1229 = EDGE_LOOP('',(#1230,#1238,#1239,#1247));
#1230 = ORIENTED_EDGE('',*,*,#1231,.F.);
#1231 = EDGE_CURVE('',#1192,#1232,#1234,.T.);
#1232 = VERTEX_POINT('',#1233);
#1233 = CARTESIAN_POINT('',(1.0541E+03,241.3,7.366E+03));
#1234 = LINE('',#1235,#1236);
#1235 = CARTESIAN_POINT('',(749.3,241.3,7.366E+03));
#1236 = VECTOR('',#1237,1.);
#1237 = DIRECTION('',(1.,0.,0.));
#1238 = ORIENTED_EDGE('',*,*,#1191,.T.);
#1239 = ORIENTED_EDGE('',*,*,#1240,.T.);
#1240 = EDGE_CURVE('',#1194,#1241,#1243,.T.);
#1241 = VERTEX_POINT('',#1242);
#1242 = CARTESIAN_POINT('',(1.0541E+03,241.3,7.9248E+03));
#1243 = LINE('',#1244,#1245);
#1244 = CARTESIAN_POINT('',(749.3,241.3,7.9248E+03));
#1245 = VECTOR('',#1246,1.);
#1246 = DIRECTION('',(1.,0.,0.));
#1247 = ORIENTED_EDGE('',*,*,#1248,.F.);
#1248 = EDGE_CURVE('',#1232,#1241,#1249,.T.);
#1249 = LINE('',#1250,#1251);
#1250 = CARTESIAN_POINT('',(1.0541E+03,241.3,7.366E+03));
#1251 = VECTOR('',#1252,1.);
#1252 = DIRECTION('',(0.,0.,1.));
#1253 = PLANE('',#1254);
#1254 = AXIS2_PLACEMENT_3D('',#1255,#1256,#1257);
#1255 = CARTESIAN_POINT('',(749.3,241.3,7.366E+03));
#1256 = DIRECTION('',(0.,1.,0.));
#1257 = DIRECTION('',(0.,0.,1.));
#1258 = ADVANCED_FACE('',(#1259,#1277),#1311,.T.);
#1259 = FACE_BOUND('',#1260,.T.);
#1260 = EDGE_LOOP('',(#1261,#1262,#1263,#1271));
#1261 = ORIENTED_EDGE('',*,*,#1217,.F.);
#1262 = ORIENTED_EDGE('',*,*,#1240,.T.);
#1263 = ORIENTED_EDGE('',*,*,#1264,.T.);
#1264 = EDGE_CURVE('',#1241,#1265,#1267,.T.);
#1265 = VERTEX_POINT('',#1266);
#1266 = CARTESIAN_POINT('',(1.0541E+03,546.1,7.9248E+03));
#1267 = LINE('',#1268,#1269);
#1268 = CARTESIAN_POINT('',(1.0541E+03,241.3,7.9248E+03));
#1269 = VECTOR('',#1270,1.);
#1270 = DIRECTION('',(0.,1.,0.));
#1271 = ORIENTED_EDGE('',*,*,#1272,.F.);
#1272 = EDGE_CURVE('',#1210,#1265,#1273,.T.);
#1273 = LINE('',#1274,#1275);
#1274 = CARTESIAN_POINT('',(749.3,546.1,7.9248E+03));
#1275 = VECTOR('',#1276,1.);
#1276 = DIRECTION('',(1.,0.,0.));
#1277 = FACE_BOUND('',#1278,.T.);
#1278 = EDGE_LOOP('',(#1279,#1289,#1297,#1305));
#1279 = ORIENTED_EDGE('',*,*,#1280,.T.);
#1280 = EDGE_CURVE('',#1281,#1283,#1285,.T.);
#1281 = VERTEX_POINT('',#1282);
#1282 = CARTESIAN_POINT('',(1.0287E+03,266.7,7.9248E+03));
#1283 = VERTEX_POINT('',#1284);
#1284 = CARTESIAN_POINT('',(774.7,266.7,7.9248E+03));
#1285 = LINE('',#1286,#1287);
#1286 = CARTESIAN_POINT('',(762.,266.7,7.9248E+03));
#1287 = VECTOR('',#1288,1.);
#1288 = DIRECTION('',(-1.,0.,0.));
#1289 = ORIENTED_EDGE('',*,*,#1290,.T.);
#1290 = EDGE_CURVE('',#1283,#1291,#1293,.T.);
#1291 = VERTEX_POINT('',#1292);
#1292 = CARTESIAN_POINT('',(774.7,520.7,7.9248E+03));
#1293 = LINE('',#1294,#1295);
#1294 = CARTESIAN_POINT('',(774.7,254.,7.9248E+03));
#1295 = VECTOR('',#1296,1.);
#1296 = DIRECTION('',(0.,1.,0.));
#1297 = ORIENTED_EDGE('',*,*,#1298,.F.);
#1298 = EDGE_CURVE('',#1299,#1291,#1301,.T.);
#1299 = VERTEX_POINT('',#1300);
#1300 = CARTESIAN_POINT('',(1.0287E+03,520.7,7.9248E+03));
#1301 = LINE('',#1302,#1303);
#1302 = CARTESIAN_POINT('',(762.,520.7,7.9248E+03));
#1303 = VECTOR('',#1304,1.);
#1304 = DIRECTION('',(-1.,0.,0.));
#1305 = ORIENTED_EDGE('',*,*,#1306,.F.);
#1306 = EDGE_CURVE('',#1281,#1299,#1307,.T.);
#1307 = LINE('',#1308,#1309);
#1308 = CARTESIAN_POINT('',(1.0287E+03,254.,7.9248E+03));
#1309 = VECTOR('',#1310,1.);
#1310 = DIRECTION('',(0.,1.,0.));
#1311 = PLANE('',#1312);
#1312 = AXIS2_PLACEMENT_3D('',#1313,#1314,#1315);
#1313 = CARTESIAN_POINT('',(749.3,241.3,7.9248E+03));
#1314 = DIRECTION('',(0.,0.,1.));
#1315 = DIRECTION('',(1.,0.,0.));
#1316 = ADVANCED_FACE('',(#1317),#1335,.T.);
#1317 = FACE_BOUND('',#1318,.T.);
#1318 = EDGE_LOOP('',(#1319,#1327,#1328,#1329));
#1319 = ORIENTED_EDGE('',*,*,#1320,.F.);
#1320 = EDGE_CURVE('',#1202,#1321,#1323,.T.);
#1321 = VERTEX_POINT('',#1322);
#1322 = CARTESIAN_POINT('',(1.0541E+03,546.1,7.366E+03));
#1323 = LINE('',#1324,#1325);
#1324 = CARTESIAN_POINT('',(749.3,546.1,7.366E+03));
#1325 = VECTOR('',#1326,1.);
#1326 = DIRECTION('',(1.,0.,0.));
#1327 = ORIENTED_EDGE('',*,*,#1209,.T.);
#1328 = ORIENTED_EDGE('',*,*,#1272,.T.);
#1329 = ORIENTED_EDGE('',*,*,#1330,.F.);
#1330 = EDGE_CURVE('',#1321,#1265,#1331,.T.);
#1331 = LINE('',#1332,#1333);
#1332 = CARTESIAN_POINT('',(1.0541E+03,546.1,7.366E+03));
#1333 = VECTOR('',#1334,1.);
#1334 = DIRECTION('',(0.,0.,1.));
#1335 = PLANE('',#1336);
#1336 = AXIS2_PLACEMENT_3D('',#1337,#1338,#1339);
#1337 = CARTESIAN_POINT('',(749.3,546.1,7.366E+03));
#1338 = DIRECTION('',(0.,1.,0.));
#1339 = DIRECTION('',(0.,0.,1.));
#1340 = ADVANCED_FACE('',(#1341,#1352),#1386,.F.);
#1341 = FACE_BOUND('',#1342,.F.);
#1342 = EDGE_LOOP('',(#1343,#1344,#1345,#1351));
#1343 = ORIENTED_EDGE('',*,*,#1201,.F.);
#1344 = ORIENTED_EDGE('',*,*,#1231,.T.);
#1345 = ORIENTED_EDGE('',*,*,#1346,.T.);
#1346 = EDGE_CURVE('',#1232,#1321,#1347,.T.);
#1347 = LINE('',#1348,#1349);
#1348 = CARTESIAN_POINT('',(1.0541E+03,241.3,7.366E+03));
#1349 = VECTOR('',#1350,1.);
#1350 = DIRECTION('',(0.,1.,0.));
#1351 = ORIENTED_EDGE('',*,*,#1320,.F.);
#1352 = FACE_BOUND('',#1353,.F.);
#1353 = EDGE_LOOP('',(#1354,#1364,#1372,#1380));
#1354 = ORIENTED_EDGE('',*,*,#1355,.T.);
#1355 = EDGE_CURVE('',#1356,#1358,#1360,.T.);
#1356 = VERTEX_POINT('',#1357);
#1357 = CARTESIAN_POINT('',(1.0287E+03,266.7,7.366E+03));
#1358 = VERTEX_POINT('',#1359);
#1359 = CARTESIAN_POINT('',(774.7,266.7,7.366E+03));
#1360 = LINE('',#1361,#1362);
#1361 = CARTESIAN_POINT('',(762.,266.7,7.366E+03));
#1362 = VECTOR('',#1363,1.);
#1363 = DIRECTION('',(-1.,0.,0.));
#1364 = ORIENTED_EDGE('',*,*,#1365,.T.);
#1365 = EDGE_CURVE('',#1358,#1366,#1368,.T.);
#1366 = VERTEX_POINT('',#1367);
#1367 = CARTESIAN_POINT('',(774.7,520.7,7.366E+03));
#1368 = LINE('',#1369,#1370);
#1369 = CARTESIAN_POINT('',(774.7,254.,7.366E+03));
#1370 = VECTOR('',#1371,1.);
#1371 = DIRECTION('',(0.,1.,0.));
#1372 = ORIENTED_EDGE('',*,*,#1373,.F.);
#1373 = EDGE_CURVE('',#1374,#1366,#1376,.T.);
#1374 = VERTEX_POINT('',#1375);
#1375 = CARTESIAN_POINT('',(1.0287E+03,520.7,7.366E+03));
#1376 = LINE('',#1377,#1378);
#1377 = CARTESIAN_POINT('',(762.,520.7,7.366E+03));
#1378 = VECTOR('',#1379,1.);
#1379 = DIRECTION('',(-1.,0.,0.));
#1380 = ORIENTED_EDGE('',*,*,#1381,.F.);
#1381 = EDGE_CURVE('',#1356,#1374,#1382,.T.);
#1382 = LINE('',#1383,#1384);
#1383 = CARTESIAN_POINT('',(1.0287E+03,254.,7.366E+03));
#1384 = VECTOR('',#1385,1.);
#1385 = DIRECTION('',(0.,1.,0.));
#1386 = PLANE('',#1387);
#1387 = AXIS2_PLACEMENT_3D('',#1388,#1389,#1390);
#1388 = CARTESIAN_POINT('',(749.3,241.3,7.366E+03));
#1389 = DIRECTION('',(0.,0.,1.));
#1390 = DIRECTION('',(1.,0.,0.));
#1391 = ADVANCED_FACE('',(#1392),#1398,.T.);
#1392 = FACE_BOUND('',#1393,.T.);
#1393 = EDGE_LOOP('',(#1394,#1395,#1396,#1397));
#1394 = ORIENTED_EDGE('',*,*,#1248,.F.);
#1395 = ORIENTED_EDGE('',*,*,#1346,.T.);
#1396 = ORIENTED_EDGE('',*,*,#1330,.T.);
#1397 = ORIENTED_EDGE('',*,*,#1264,.F.);
#1398 = PLANE('',#1399);
#1399 = AXIS2_PLACEMENT_3D('',#1400,#1401,#1402);
#1400 = CARTESIAN_POINT('',(1.0541E+03,241.3,7.366E+03));
#1401 = DIRECTION('',(1.,0.,0.));
#1402 = DIRECTION('',(0.,0.,1.));
#1403 = ADVANCED_FACE('',(#1404),#1420,.T.);
#1404 = FACE_BOUND('',#1405,.T.);
#1405 = EDGE_LOOP('',(#1406,#1412,#1413,#1419));
#1406 = ORIENTED_EDGE('',*,*,#1407,.F.);
#1407 = EDGE_CURVE('',#1356,#1281,#1408,.T.);
#1408 = LINE('',#1409,#1410);
#1409 = CARTESIAN_POINT('',(1.0287E+03,266.7,7.3655E+03));
#1410 = VECTOR('',#1411,1.);
#1411 = DIRECTION('',(0.,0.,1.));
#1412 = ORIENTED_EDGE('',*,*,#1355,.T.);
#1413 = ORIENTED_EDGE('',*,*,#1414,.T.);
#1414 = EDGE_CURVE('',#1358,#1283,#1415,.T.);
#1415 = LINE('',#1416,#1417);
#1416 = CARTESIAN_POINT('',(774.7,266.7,7.3655E+03));
#1417 = VECTOR('',#1418,1.);
#1418 = DIRECTION('',(0.,0.,1.));
#1419 = ORIENTED_EDGE('',*,*,#1280,.F.);
#1420 = PLANE('',#1421);
#1421 = AXIS2_PLACEMENT_3D('',#1422,#1423,#1424);
#1422 = CARTESIAN_POINT('',(774.7,266.7,7.3655E+03));
#1423 = DIRECTION('',(0.,1.,0.));
#1424 = DIRECTION('',(0.,0.,1.));
#1425 = ADVANCED_FACE('',(#1426),#1437,.F.);
#1426 = FACE_BOUND('',#1427,.F.);
#1427 = EDGE_LOOP('',(#1428,#1429,#1430,#1436));
#1428 = ORIENTED_EDGE('',*,*,#1407,.F.);
#1429 = ORIENTED_EDGE('',*,*,#1381,.T.);
#1430 = ORIENTED_EDGE('',*,*,#1431,.T.);
#1431 = EDGE_CURVE('',#1374,#1299,#1432,.T.);
#1432 = LINE('',#1433,#1434);
#1433 = CARTESIAN_POINT('',(1.0287E+03,520.7,7.3655E+03));
#1434 = VECTOR('',#1435,1.);
#1435 = DIRECTION('',(0.,0.,1.));
#1436 = ORIENTED_EDGE('',*,*,#1306,.F.);
#1437 = PLANE('',#1438);
#1438 = AXIS2_PLACEMENT_3D('',#1439,#1440,#1441);
#1439 = CARTESIAN_POINT('',(1.0287E+03,266.7,7.3655E+03));
#1440 = DIRECTION('',(1.,0.,0.));
#1441 = DIRECTION('',(0.,0.,1.));
#1442 = ADVANCED_FACE('',(#1443),#1454,.F.);
#1443 = FACE_BOUND('',#1444,.F.);
#1444 = EDGE_LOOP('',(#1445,#1446,#1447,#1453));
#1445 = ORIENTED_EDGE('',*,*,#1431,.F.);
#1446 = ORIENTED_EDGE('',*,*,#1373,.T.);
#1447 = ORIENTED_EDGE('',*,*,#1448,.T.);
#1448 = EDGE_CURVE('',#1366,#1291,#1449,.T.);
#1449 = LINE('',#1450,#1451);
#1450 = CARTESIAN_POINT('',(774.7,520.7,7.3655E+03));
#1451 = VECTOR('',#1452,1.);
#1452 = DIRECTION('',(0.,0.,1.));
#1453 = ORIENTED_EDGE('',*,*,#1298,.F.);
#1454 = PLANE('',#1455);
#1455 = AXIS2_PLACEMENT_3D('',#1456,#1457,#1458);
#1456 = CARTESIAN_POINT('',(774.7,520.7,7.3655E+03));
#1457 = DIRECTION('',(0.,1.,0.));
#1458 = DIRECTION('',(0.,0.,1.));
#1459 = ADVANCED_FACE('',(#1460),#1466,.T.);
#1460 = FACE_BOUND('',#1461,.T.);
#1461 = EDGE_LOOP('',(#1462,#1463,#1464,#1465));
#1462 = ORIENTED_EDGE('',*,*,#1414,.F.);
#1463 = ORIENTED_EDGE('',*,*,#1365,.T.);
#1464 = ORIENTED_EDGE('',*,*,#1448,.T.);
#1465 = ORIENTED_EDGE('',*,*,#1290,.F.);
#1466 = PLANE('',#1467);
#1467 = AXIS2_PLACEMENT_3D('',#1468,#1469,#1470);
#1468 = CARTESIAN_POINT('',(774.7,266.7,7.3655E+03));
#1469 = DIRECTION('',(1.,0.,0.));
#1470 = DIRECTION('',(0.,0.,1.));
#1471 = MANIFOLD_SOLID_BREP('',#1472);
#1472 = CLOSED_SHELL('',(#1473,#1513,#1544,#1602,#1626,#1677,#1689,#1711
    ,#1728,#1745));
#1473 = ADVANCED_FACE('',(#1474),#1508,.F.);
#1474 = FACE_BOUND('',#1475,.F.);
#1475 = EDGE_LOOP('',(#1476,#1486,#1494,#1502));
#1476 = ORIENTED_EDGE('',*,*,#1477,.F.);
#1477 = EDGE_CURVE('',#1478,#1480,#1482,.T.);
#1478 = VERTEX_POINT('',#1479);
#1479 = CARTESIAN_POINT('',(1.29032E+03,241.3,7.366E+03));
#1480 = VERTEX_POINT('',#1481);
#1481 = CARTESIAN_POINT('',(1.29032E+03,241.3,7.9248E+03));
#1482 = LINE('',#1483,#1484);
#1483 = CARTESIAN_POINT('',(1.29032E+03,241.3,7.366E+03));
#1484 = VECTOR('',#1485,1.);
#1485 = DIRECTION('',(0.,0.,1.));
#1486 = ORIENTED_EDGE('',*,*,#1487,.T.);
#1487 = EDGE_CURVE('',#1478,#1488,#1490,.T.);
#1488 = VERTEX_POINT('',#1489);
#1489 = CARTESIAN_POINT('',(1.29032E+03,546.1,7.366E+03));
#1490 = LINE('',#1491,#1492);
#1491 = CARTESIAN_POINT('',(1.29032E+03,241.3,7.366E+03));
#1492 = VECTOR('',#1493,1.);
#1493 = DIRECTION('',(0.,1.,0.));
#1494 = ORIENTED_EDGE('',*,*,#1495,.T.);
#1495 = EDGE_CURVE('',#1488,#1496,#1498,.T.);
#1496 = VERTEX_POINT('',#1497);
#1497 = CARTESIAN_POINT('',(1.29032E+03,546.1,7.9248E+03));
#1498 = LINE('',#1499,#1500);
#1499 = CARTESIAN_POINT('',(1.29032E+03,546.1,7.366E+03));
#1500 = VECTOR('',#1501,1.);
#1501 = DIRECTION('',(0.,0.,1.));
#1502 = ORIENTED_EDGE('',*,*,#1503,.F.);
#1503 = EDGE_CURVE('',#1480,#1496,#1504,.T.);
#1504 = LINE('',#1505,#1506);
#1505 = CARTESIAN_POINT('',(1.29032E+03,241.3,7.9248E+03));
#1506 = VECTOR('',#1507,1.);
#1507 = DIRECTION('',(0.,1.,0.));
#1508 = PLANE('',#1509);
#1509 = AXIS2_PLACEMENT_3D('',#1510,#1511,#1512);
#1510 = CARTESIAN_POINT('',(1.29032E+03,241.3,7.366E+03));
#1511 = DIRECTION('',(1.,0.,0.));
#1512 = DIRECTION('',(0.,0.,1.));
#1513 = ADVANCED_FACE('',(#1514),#1539,.F.);
#1514 = FACE_BOUND('',#1515,.F.);
#1515 = EDGE_LOOP('',(#1516,#1524,#1525,#1533));
#1516 = ORIENTED_EDGE('',*,*,#1517,.F.);
#1517 = EDGE_CURVE('',#1478,#1518,#1520,.T.);
#1518 = VERTEX_POINT('',#1519);
#1519 = CARTESIAN_POINT('',(1.59512E+03,241.3,7.366E+03));
#1520 = LINE('',#1521,#1522);
#1521 = CARTESIAN_POINT('',(1.29032E+03,241.3,7.366E+03));
#1522 = VECTOR('',#1523,1.);
#1523 = DIRECTION('',(1.,0.,0.));
#1524 = ORIENTED_EDGE('',*,*,#1477,.T.);
#1525 = ORIENTED_EDGE('',*,*,#1526,.T.);
#1526 = EDGE_CURVE('',#1480,#1527,#1529,.T.);
#1527 = VERTEX_POINT('',#1528);
#1528 = CARTESIAN_POINT('',(1.59512E+03,241.3,7.9248E+03));
#1529 = LINE('',#1530,#1531);
#1530 = CARTESIAN_POINT('',(1.29032E+03,241.3,7.9248E+03));
#1531 = VECTOR('',#1532,1.);
#1532 = DIRECTION('',(1.,0.,0.));
#1533 = ORIENTED_EDGE('',*,*,#1534,.F.);
#1534 = EDGE_CURVE('',#1518,#1527,#1535,.T.);
#1535 = LINE('',#1536,#1537);
#1536 = CARTESIAN_POINT('',(1.59512E+03,241.3,7.366E+03));
#1537 = VECTOR('',#1538,1.);
#1538 = DIRECTION('',(0.,0.,1.));
#1539 = PLANE('',#1540);
#1540 = AXIS2_PLACEMENT_3D('',#1541,#1542,#1543);
#1541 = CARTESIAN_POINT('',(1.29032E+03,241.3,7.366E+03));
#1542 = DIRECTION('',(0.,1.,0.));
#1543 = DIRECTION('',(0.,0.,1.));
#1544 = ADVANCED_FACE('',(#1545,#1563),#1597,.T.);
#1545 = FACE_BOUND('',#1546,.T.);
#1546 = EDGE_LOOP('',(#1547,#1548,#1549,#1557));
#1547 = ORIENTED_EDGE('',*,*,#1503,.F.);
#1548 = ORIENTED_EDGE('',*,*,#1526,.T.);
#1549 = ORIENTED_EDGE('',*,*,#1550,.T.);
#1550 = EDGE_CURVE('',#1527,#1551,#1553,.T.);
#1551 = VERTEX_POINT('',#1552);
#1552 = CARTESIAN_POINT('',(1.59512E+03,546.1,7.9248E+03));
#1553 = LINE('',#1554,#1555);
#1554 = CARTESIAN_POINT('',(1.59512E+03,241.3,7.9248E+03));
#1555 = VECTOR('',#1556,1.);
#1556 = DIRECTION('',(0.,1.,0.));
#1557 = ORIENTED_EDGE('',*,*,#1558,.F.);
#1558 = EDGE_CURVE('',#1496,#1551,#1559,.T.);
#1559 = LINE('',#1560,#1561);
#1560 = CARTESIAN_POINT('',(1.29032E+03,546.1,7.9248E+03));
#1561 = VECTOR('',#1562,1.);
#1562 = DIRECTION('',(1.,0.,0.));
#1563 = FACE_BOUND('',#1564,.T.);
#1564 = EDGE_LOOP('',(#1565,#1575,#1583,#1591));
#1565 = ORIENTED_EDGE('',*,*,#1566,.T.);
#1566 = EDGE_CURVE('',#1567,#1569,#1571,.T.);
#1567 = VERTEX_POINT('',#1568);
#1568 = CARTESIAN_POINT('',(1.56972E+03,266.7,7.9248E+03));
#1569 = VERTEX_POINT('',#1570);
#1570 = CARTESIAN_POINT('',(1.31572E+03,266.7,7.9248E+03));
#1571 = LINE('',#1572,#1573);
#1572 = CARTESIAN_POINT('',(1.30302E+03,266.7,7.9248E+03));
#1573 = VECTOR('',#1574,1.);
#1574 = DIRECTION('',(-1.,0.,0.));
#1575 = ORIENTED_EDGE('',*,*,#1576,.T.);
#1576 = EDGE_CURVE('',#1569,#1577,#1579,.T.);
#1577 = VERTEX_POINT('',#1578);
#1578 = CARTESIAN_POINT('',(1.31572E+03,520.7,7.9248E+03));
#1579 = LINE('',#1580,#1581);
#1580 = CARTESIAN_POINT('',(1.31572E+03,254.,7.9248E+03));
#1581 = VECTOR('',#1582,1.);
#1582 = DIRECTION('',(0.,1.,0.));
#1583 = ORIENTED_EDGE('',*,*,#1584,.F.);
#1584 = EDGE_CURVE('',#1585,#1577,#1587,.T.);
#1585 = VERTEX_POINT('',#1586);
#1586 = CARTESIAN_POINT('',(1.56972E+03,520.7,7.9248E+03));
#1587 = LINE('',#1588,#1589);
#1588 = CARTESIAN_POINT('',(1.30302E+03,520.7,7.9248E+03));
#1589 = VECTOR('',#1590,1.);
#1590 = DIRECTION('',(-1.,0.,0.));
#1591 = ORIENTED_EDGE('',*,*,#1592,.F.);
#1592 = EDGE_CURVE('',#1567,#1585,#1593,.T.);
#1593 = LINE('',#1594,#1595);
#1594 = CARTESIAN_POINT('',(1.56972E+03,254.,7.9248E+03));
#1595 = VECTOR('',#1596,1.);
#1596 = DIRECTION('',(0.,1.,0.));
#1597 = PLANE('',#1598);
#1598 = AXIS2_PLACEMENT_3D('',#1599,#1600,#1601);
#1599 = CARTESIAN_POINT('',(1.29032E+03,241.3,7.9248E+03));
#1600 = DIRECTION('',(0.,0.,1.));
#1601 = DIRECTION('',(1.,0.,0.));
#1602 = ADVANCED_FACE('',(#1603),#1621,.T.);
#1603 = FACE_BOUND('',#1604,.T.);
#1604 = EDGE_LOOP('',(#1605,#1613,#1614,#1615));
#1605 = ORIENTED_EDGE('',*,*,#1606,.F.);
#1606 = EDGE_CURVE('',#1488,#1607,#1609,.T.);
#1607 = VERTEX_POINT('',#1608);
#1608 = CARTESIAN_POINT('',(1.59512E+03,546.1,7.366E+03));
#1609 = LINE('',#1610,#1611);
#1610 = CARTESIAN_POINT('',(1.29032E+03,546.1,7.366E+03));
#1611 = VECTOR('',#1612,1.);
#1612 = DIRECTION('',(1.,0.,0.));
#1613 = ORIENTED_EDGE('',*,*,#1495,.T.);
#1614 = ORIENTED_EDGE('',*,*,#1558,.T.);
#1615 = ORIENTED_EDGE('',*,*,#1616,.F.);
#1616 = EDGE_CURVE('',#1607,#1551,#1617,.T.);
#1617 = LINE('',#1618,#1619);
#1618 = CARTESIAN_POINT('',(1.59512E+03,546.1,7.366E+03));
#1619 = VECTOR('',#1620,1.);
#1620 = DIRECTION('',(0.,0.,1.));
#1621 = PLANE('',#1622);
#1622 = AXIS2_PLACEMENT_3D('',#1623,#1624,#1625);
#1623 = CARTESIAN_POINT('',(1.29032E+03,546.1,7.366E+03));
#1624 = DIRECTION('',(0.,1.,0.));
#1625 = DIRECTION('',(0.,0.,1.));
#1626 = ADVANCED_FACE('',(#1627,#1638),#1672,.F.);
#1627 = FACE_BOUND('',#1628,.F.);
#1628 = EDGE_LOOP('',(#1629,#1630,#1631,#1637));
#1629 = ORIENTED_EDGE('',*,*,#1487,.F.);
#1630 = ORIENTED_EDGE('',*,*,#1517,.T.);
#1631 = ORIENTED_EDGE('',*,*,#1632,.T.);
#1632 = EDGE_CURVE('',#1518,#1607,#1633,.T.);
#1633 = LINE('',#1634,#1635);
#1634 = CARTESIAN_POINT('',(1.59512E+03,241.3,7.366E+03));
#1635 = VECTOR('',#1636,1.);
#1636 = DIRECTION('',(0.,1.,0.));
#1637 = ORIENTED_EDGE('',*,*,#1606,.F.);
#1638 = FACE_BOUND('',#1639,.F.);
#1639 = EDGE_LOOP('',(#1640,#1650,#1658,#1666));
#1640 = ORIENTED_EDGE('',*,*,#1641,.T.);
#1641 = EDGE_CURVE('',#1642,#1644,#1646,.T.);
#1642 = VERTEX_POINT('',#1643);
#1643 = CARTESIAN_POINT('',(1.56972E+03,266.7,7.366E+03));
#1644 = VERTEX_POINT('',#1645);
#1645 = CARTESIAN_POINT('',(1.31572E+03,266.7,7.366E+03));
#1646 = LINE('',#1647,#1648);
#1647 = CARTESIAN_POINT('',(1.30302E+03,266.7,7.366E+03));
#1648 = VECTOR('',#1649,1.);
#1649 = DIRECTION('',(-1.,0.,0.));
#1650 = ORIENTED_EDGE('',*,*,#1651,.T.);
#1651 = EDGE_CURVE('',#1644,#1652,#1654,.T.);
#1652 = VERTEX_POINT('',#1653);
#1653 = CARTESIAN_POINT('',(1.31572E+03,520.7,7.366E+03));
#1654 = LINE('',#1655,#1656);
#1655 = CARTESIAN_POINT('',(1.31572E+03,254.,7.366E+03));
#1656 = VECTOR('',#1657,1.);
#1657 = DIRECTION('',(0.,1.,0.));
#1658 = ORIENTED_EDGE('',*,*,#1659,.F.);
#1659 = EDGE_CURVE('',#1660,#1652,#1662,.T.);
#1660 = VERTEX_POINT('',#1661);
#1661 = CARTESIAN_POINT('',(1.56972E+03,520.7,7.366E+03));
#1662 = LINE('',#1663,#1664);
#1663 = CARTESIAN_POINT('',(1.30302E+03,520.7,7.366E+03));
#1664 = VECTOR('',#1665,1.);
#1665 = DIRECTION('',(-1.,0.,0.));
#1666 = ORIENTED_EDGE('',*,*,#1667,.F.);
#1667 = EDGE_CURVE('',#1642,#1660,#1668,.T.);
#1668 = LINE('',#1669,#1670);
#1669 = CARTESIAN_POINT('',(1.56972E+03,254.,7.366E+03));
#1670 = VECTOR('',#1671,1.);
#1671 = DIRECTION('',(0.,1.,0.));
#1672 = PLANE('',#1673);
#1673 = AXIS2_PLACEMENT_3D('',#1674,#1675,#1676);
#1674 = CARTESIAN_POINT('',(1.29032E+03,241.3,7.366E+03));
#1675 = DIRECTION('',(0.,0.,1.));
#1676 = DIRECTION('',(1.,0.,0.));
#1677 = ADVANCED_FACE('',(#1678),#1684,.T.);
#1678 = FACE_BOUND('',#1679,.T.);
#1679 = EDGE_LOOP('',(#1680,#1681,#1682,#1683));
#1680 = ORIENTED_EDGE('',*,*,#1534,.F.);
#1681 = ORIENTED_EDGE('',*,*,#1632,.T.);
#1682 = ORIENTED_EDGE('',*,*,#1616,.T.);
#1683 = ORIENTED_EDGE('',*,*,#1550,.F.);
#1684 = PLANE('',#1685);
#1685 = AXIS2_PLACEMENT_3D('',#1686,#1687,#1688);
#1686 = CARTESIAN_POINT('',(1.59512E+03,241.3,7.366E+03));
#1687 = DIRECTION('',(1.,0.,0.));
#1688 = DIRECTION('',(0.,0.,1.));
#1689 = ADVANCED_FACE('',(#1690),#1706,.T.);
#1690 = FACE_BOUND('',#1691,.T.);
#1691 = EDGE_LOOP('',(#1692,#1698,#1699,#1705));
#1692 = ORIENTED_EDGE('',*,*,#1693,.F.);
#1693 = EDGE_CURVE('',#1642,#1567,#1694,.T.);
#1694 = LINE('',#1695,#1696);
#1695 = CARTESIAN_POINT('',(1.56972E+03,266.7,7.3655E+03));
#1696 = VECTOR('',#1697,1.);
#1697 = DIRECTION('',(0.,0.,1.));
#1698 = ORIENTED_EDGE('',*,*,#1641,.T.);
#1699 = ORIENTED_EDGE('',*,*,#1700,.T.);
#1700 = EDGE_CURVE('',#1644,#1569,#1701,.T.);
#1701 = LINE('',#1702,#1703);
#1702 = CARTESIAN_POINT('',(1.31572E+03,266.7,7.3655E+03));
#1703 = VECTOR('',#1704,1.);
#1704 = DIRECTION('',(0.,0.,1.));
#1705 = ORIENTED_EDGE('',*,*,#1566,.F.);
#1706 = PLANE('',#1707);
#1707 = AXIS2_PLACEMENT_3D('',#1708,#1709,#1710);
#1708 = CARTESIAN_POINT('',(1.31572E+03,266.7,7.3655E+03));
#1709 = DIRECTION('',(0.,1.,0.));
#1710 = DIRECTION('',(0.,0.,1.));
#1711 = ADVANCED_FACE('',(#1712),#1723,.F.);
#1712 = FACE_BOUND('',#1713,.F.);
#1713 = EDGE_LOOP('',(#1714,#1715,#1716,#1722));
#1714 = ORIENTED_EDGE('',*,*,#1693,.F.);
#1715 = ORIENTED_EDGE('',*,*,#1667,.T.);
#1716 = ORIENTED_EDGE('',*,*,#1717,.T.);
#1717 = EDGE_CURVE('',#1660,#1585,#1718,.T.);
#1718 = LINE('',#1719,#1720);
#1719 = CARTESIAN_POINT('',(1.56972E+03,520.7,7.3655E+03));
#1720 = VECTOR('',#1721,1.);
#1721 = DIRECTION('',(0.,0.,1.));
#1722 = ORIENTED_EDGE('',*,*,#1592,.F.);
#1723 = PLANE('',#1724);
#1724 = AXIS2_PLACEMENT_3D('',#1725,#1726,#1727);
#1725 = CARTESIAN_POINT('',(1.56972E+03,266.7,7.3655E+03));
#1726 = DIRECTION('',(1.,0.,0.));
#1727 = DIRECTION('',(0.,0.,1.));
#1728 = ADVANCED_FACE('',(#1729),#1740,.F.);
#1729 = FACE_BOUND('',#1730,.F.);
#1730 = EDGE_LOOP('',(#1731,#1732,#1733,#1739));
#1731 = ORIENTED_EDGE('',*,*,#1717,.F.);
#1732 = ORIENTED_EDGE('',*,*,#1659,.T.);
#1733 = ORIENTED_EDGE('',*,*,#1734,.T.);
#1734 = EDGE_CURVE('',#1652,#1577,#1735,.T.);
#1735 = LINE('',#1736,#1737);
#1736 = CARTESIAN_POINT('',(1.31572E+03,520.7,7.3655E+03));
#1737 = VECTOR('',#1738,1.);
#1738 = DIRECTION('',(0.,0.,1.));
#1739 = ORIENTED_EDGE('',*,*,#1584,.F.);
#1740 = PLANE('',#1741);
#1741 = AXIS2_PLACEMENT_3D('',#1742,#1743,#1744);
#1742 = CARTESIAN_POINT('',(1.31572E+03,520.7,7.3655E+03));
#1743 = DIRECTION('',(0.,1.,0.));
#1744 = DIRECTION('',(0.,0.,1.));
#1745 = ADVANCED_FACE('',(#1746),#1752,.T.);
#1746 = FACE_BOUND('',#1747,.T.);
#1747 = EDGE_LOOP('',(#1748,#1749,#1750,#1751));
#1748 = ORIENTED_EDGE('',*,*,#1700,.F.);
#1749 = ORIENTED_EDGE('',*,*,#1651,.T.);
#1750 = ORIENTED_EDGE('',*,*,#1734,.T.);
#1751 = ORIENTED_EDGE('',*,*,#1576,.F.);
#1752 = PLANE('',#1753);
#1753 = AXIS2_PLACEMENT_3D('',#1754,#1755,#1756);
#1754 = CARTESIAN_POINT('',(1.31572E+03,266.7,7.3655E+03));
#1755 = DIRECTION('',(1.,0.,0.));
#1756 = DIRECTION('',(0.,0.,1.));
#1757 = MANIFOLD_SOLID_BREP('',#1758);
#1758 = CLOSED_SHELL('',(#1759,#1799,#1839,#1861,#1883,#1895));
#1759 = ADVANCED_FACE('',(#1760),#1794,.F.);
#1760 = FACE_BOUND('',#1761,.F.);
#1761 = EDGE_LOOP('',(#1762,#1772,#1780,#1788));
#1762 = ORIENTED_EDGE('',*,*,#1763,.F.);
#1763 = EDGE_CURVE('',#1764,#1766,#1768,.T.);
#1764 = VERTEX_POINT('',#1765);
#1765 = CARTESIAN_POINT('',(170.18,203.2,8.0264E+03));
#1766 = VERTEX_POINT('',#1767);
#1767 = CARTESIAN_POINT('',(170.18,203.2,8.0772E+03));
#1768 = LINE('',#1769,#1770);
#1769 = CARTESIAN_POINT('',(170.18,203.2,8.0264E+03));
#1770 = VECTOR('',#1771,1.);
#1771 = DIRECTION('',(0.,0.,1.));
#1772 = ORIENTED_EDGE('',*,*,#1773,.T.);
#1773 = EDGE_CURVE('',#1764,#1774,#1776,.T.);
#1774 = VERTEX_POINT('',#1775);
#1775 = CARTESIAN_POINT('',(170.18,584.2,8.0264E+03));
#1776 = LINE('',#1777,#1778);
#1777 = CARTESIAN_POINT('',(170.18,203.2,8.0264E+03));
#1778 = VECTOR('',#1779,1.);
#1779 = DIRECTION('',(0.,1.,0.));
#1780 = ORIENTED_EDGE('',*,*,#1781,.T.);
#1781 = EDGE_CURVE('',#1774,#1782,#1784,.T.);
#1782 = VERTEX_POINT('',#1783);
#1783 = CARTESIAN_POINT('',(170.18,584.2,8.0772E+03));
#1784 = LINE('',#1785,#1786);
#1785 = CARTESIAN_POINT('',(170.18,584.2,8.0264E+03));
#1786 = VECTOR('',#1787,1.);
#1787 = DIRECTION('',(0.,0.,1.));
#1788 = ORIENTED_EDGE('',*,*,#1789,.F.);
#1789 = EDGE_CURVE('',#1766,#1782,#1790,.T.);
#1790 = LINE('',#1791,#1792);
#1791 = CARTESIAN_POINT('',(170.18,203.2,8.0772E+03));
#1792 = VECTOR('',#1793,1.);
#1793 = DIRECTION('',(0.,1.,0.));
#1794 = PLANE('',#1795);
#1795 = AXIS2_PLACEMENT_3D('',#1796,#1797,#1798);
#1796 = CARTESIAN_POINT('',(170.18,203.2,8.0264E+03));
#1797 = DIRECTION('',(1.,0.,0.));
#1798 = DIRECTION('',(0.,0.,1.));
#1799 = ADVANCED_FACE('',(#1800),#1834,.T.);
#1800 = FACE_BOUND('',#1801,.T.);
#1801 = EDGE_LOOP('',(#1802,#1812,#1820,#1828));
#1802 = ORIENTED_EDGE('',*,*,#1803,.F.);
#1803 = EDGE_CURVE('',#1804,#1806,#1808,.T.);
#1804 = VERTEX_POINT('',#1805);
#1805 = CARTESIAN_POINT('',(551.18,203.2,8.0264E+03));
#1806 = VERTEX_POINT('',#1807);
#1807 = CARTESIAN_POINT('',(551.18,203.2,8.0772E+03));
#1808 = LINE('',#1809,#1810);
#1809 = CARTESIAN_POINT('',(551.18,203.2,8.0264E+03));
#1810 = VECTOR('',#1811,1.);
#1811 = DIRECTION('',(0.,0.,1.));
#1812 = ORIENTED_EDGE('',*,*,#1813,.T.);
#1813 = EDGE_CURVE('',#1804,#1814,#1816,.T.);
#1814 = VERTEX_POINT('',#1815);
#1815 = CARTESIAN_POINT('',(551.18,584.2,8.0264E+03));
#1816 = LINE('',#1817,#1818);
#1817 = CARTESIAN_POINT('',(551.18,203.2,8.0264E+03));
#1818 = VECTOR('',#1819,1.);
#1819 = DIRECTION('',(0.,1.,0.));
#1820 = ORIENTED_EDGE('',*,*,#1821,.T.);
#1821 = EDGE_CURVE('',#1814,#1822,#1824,.T.);
#1822 = VERTEX_POINT('',#1823);
#1823 = CARTESIAN_POINT('',(551.18,584.2,8.0772E+03));
#1824 = LINE('',#1825,#1826);
#1825 = CARTESIAN_POINT('',(551.18,584.2,8.0264E+03));
#1826 = VECTOR('',#1827,1.);
#1827 = DIRECTION('',(0.,0.,1.));
#1828 = ORIENTED_EDGE('',*,*,#1829,.F.);
#1829 = EDGE_CURVE('',#1806,#1822,#1830,.T.);
#1830 = LINE('',#1831,#1832);
#1831 = CARTESIAN_POINT('',(551.18,203.2,8.0772E+03));
#1832 = VECTOR('',#1833,1.);
#1833 = DIRECTION('',(0.,1.,0.));
#1834 = PLANE('',#1835);
#1835 = AXIS2_PLACEMENT_3D('',#1836,#1837,#1838);
#1836 = CARTESIAN_POINT('',(551.18,203.2,8.0264E+03));
#1837 = DIRECTION('',(1.,0.,0.));
#1838 = DIRECTION('',(0.,0.,1.));
#1839 = ADVANCED_FACE('',(#1840),#1856,.F.);
#1840 = FACE_BOUND('',#1841,.F.);
#1841 = EDGE_LOOP('',(#1842,#1848,#1849,#1855));
#1842 = ORIENTED_EDGE('',*,*,#1843,.F.);
#1843 = EDGE_CURVE('',#1764,#1804,#1844,.T.);
#1844 = LINE('',#1845,#1846);
#1845 = CARTESIAN_POINT('',(170.18,203.2,8.0264E+03));
#1846 = VECTOR('',#1847,1.);
#1847 = DIRECTION('',(1.,0.,0.));
#1848 = ORIENTED_EDGE('',*,*,#1763,.T.);
#1849 = ORIENTED_EDGE('',*,*,#1850,.T.);
#1850 = EDGE_CURVE('',#1766,#1806,#1851,.T.);
#1851 = LINE('',#1852,#1853);
#1852 = CARTESIAN_POINT('',(170.18,203.2,8.0772E+03));
#1853 = VECTOR('',#1854,1.);
#1854 = DIRECTION('',(1.,0.,0.));
#1855 = ORIENTED_EDGE('',*,*,#1803,.F.);
#1856 = PLANE('',#1857);
#1857 = AXIS2_PLACEMENT_3D('',#1858,#1859,#1860);
#1858 = CARTESIAN_POINT('',(170.18,203.2,8.0264E+03));
#1859 = DIRECTION('',(0.,1.,0.));
#1860 = DIRECTION('',(0.,0.,1.));
#1861 = ADVANCED_FACE('',(#1862),#1878,.T.);
#1862 = FACE_BOUND('',#1863,.T.);
#1863 = EDGE_LOOP('',(#1864,#1870,#1871,#1877));
#1864 = ORIENTED_EDGE('',*,*,#1865,.F.);
#1865 = EDGE_CURVE('',#1774,#1814,#1866,.T.);
#1866 = LINE('',#1867,#1868);
#1867 = CARTESIAN_POINT('',(170.18,584.2,8.0264E+03));
#1868 = VECTOR('',#1869,1.);
#1869 = DIRECTION('',(1.,0.,0.));
#1870 = ORIENTED_EDGE('',*,*,#1781,.T.);
#1871 = ORIENTED_EDGE('',*,*,#1872,.T.);
#1872 = EDGE_CURVE('',#1782,#1822,#1873,.T.);
#1873 = LINE('',#1874,#1875);
#1874 = CARTESIAN_POINT('',(170.18,584.2,8.0772E+03));
#1875 = VECTOR('',#1876,1.);
#1876 = DIRECTION('',(1.,0.,0.));
#1877 = ORIENTED_EDGE('',*,*,#1821,.F.);
#1878 = PLANE('',#1879);
#1879 = AXIS2_PLACEMENT_3D('',#1880,#1881,#1882);
#1880 = CARTESIAN_POINT('',(170.18,584.2,8.0264E+03));
#1881 = DIRECTION('',(0.,1.,0.));
#1882 = DIRECTION('',(0.,0.,1.));
#1883 = ADVANCED_FACE('',(#1884),#1890,.F.);
#1884 = FACE_BOUND('',#1885,.F.);
#1885 = EDGE_LOOP('',(#1886,#1887,#1888,#1889));
#1886 = ORIENTED_EDGE('',*,*,#1773,.F.);
#1887 = ORIENTED_EDGE('',*,*,#1843,.T.);
#1888 = ORIENTED_EDGE('',*,*,#1813,.T.);
#1889 = ORIENTED_EDGE('',*,*,#1865,.F.);
#1890 = PLANE('',#1891);
#1891 = AXIS2_PLACEMENT_3D('',#1892,#1893,#1894);
#1892 = CARTESIAN_POINT('',(170.18,203.2,8.0264E+03));
#1893 = DIRECTION('',(0.,0.,1.));
#1894 = DIRECTION('',(1.,0.,0.));
#1895 = ADVANCED_FACE('',(#1896),#1902,.T.);
#1896 = FACE_BOUND('',#1897,.T.);
#1897 = EDGE_LOOP('',(#1898,#1899,#1900,#1901));
#1898 = ORIENTED_EDGE('',*,*,#1789,.F.);
#1899 = ORIENTED_EDGE('',*,*,#1850,.T.);
#1900 = ORIENTED_EDGE('',*,*,#1829,.T.);
#1901 = ORIENTED_EDGE('',*,*,#1872,.F.);
#1902 = PLANE('',#1903);
#1903 = AXIS2_PLACEMENT_3D('',#1904,#1905,#1906);
#1904 = CARTESIAN_POINT('',(170.18,203.2,8.0772E+03));
#1905 = DIRECTION('',(0.,0.,1.));
#1906 = DIRECTION('',(1.,0.,0.));
#1907 = MANIFOLD_SOLID_BREP('',#1908);
#1908 = CLOSED_SHELL('',(#1909,#1949,#1989,#2011,#2033,#2045));
#1909 = ADVANCED_FACE('',(#1910),#1944,.F.);
#1910 = FACE_BOUND('',#1911,.F.);
#1911 = EDGE_LOOP('',(#1912,#1922,#1930,#1938));
#1912 = ORIENTED_EDGE('',*,*,#1913,.F.);
#1913 = EDGE_CURVE('',#1914,#1916,#1918,.T.);
#1914 = VERTEX_POINT('',#1915);
#1915 = CARTESIAN_POINT('',(208.28,241.3,7.9248E+03));
#1916 = VERTEX_POINT('',#1917);
#1917 = CARTESIAN_POINT('',(208.28,241.3,8.0264E+03));
#1918 = LINE('',#1919,#1920);
#1919 = CARTESIAN_POINT('',(208.28,241.3,7.9248E+03));
#1920 = VECTOR('',#1921,1.);
#1921 = DIRECTION('',(0.,0.,1.));
#1922 = ORIENTED_EDGE('',*,*,#1923,.T.);
#1923 = EDGE_CURVE('',#1914,#1924,#1926,.T.);
#1924 = VERTEX_POINT('',#1925);
#1925 = CARTESIAN_POINT('',(208.28,279.4,7.9248E+03));
#1926 = LINE('',#1927,#1928);
#1927 = CARTESIAN_POINT('',(208.28,241.3,7.9248E+03));
#1928 = VECTOR('',#1929,1.);
#1929 = DIRECTION('',(0.,1.,0.));
#1930 = ORIENTED_EDGE('',*,*,#1931,.T.);
#1931 = EDGE_CURVE('',#1924,#1932,#1934,.T.);
#1932 = VERTEX_POINT('',#1933);
#1933 = CARTESIAN_POINT('',(208.28,279.4,8.0264E+03));
#1934 = LINE('',#1935,#1936);
#1935 = CARTESIAN_POINT('',(208.28,279.4,7.9248E+03));
#1936 = VECTOR('',#1937,1.);
#1937 = DIRECTION('',(0.,0.,1.));
#1938 = ORIENTED_EDGE('',*,*,#1939,.F.);
#1939 = EDGE_CURVE('',#1916,#1932,#1940,.T.);
#1940 = LINE('',#1941,#1942);
#1941 = CARTESIAN_POINT('',(208.28,241.3,8.0264E+03));
#1942 = VECTOR('',#1943,1.);
#1943 = DIRECTION('',(0.,1.,0.));
#1944 = PLANE('',#1945);
#1945 = AXIS2_PLACEMENT_3D('',#1946,#1947,#1948);
#1946 = CARTESIAN_POINT('',(208.28,241.3,7.9248E+03));
#1947 = DIRECTION('',(1.,0.,0.));
#1948 = DIRECTION('',(0.,0.,1.));
#1949 = ADVANCED_FACE('',(#1950),#1984,.T.);
#1950 = FACE_BOUND('',#1951,.T.);
#1951 = EDGE_LOOP('',(#1952,#1962,#1970,#1978));
#1952 = ORIENTED_EDGE('',*,*,#1953,.F.);
#1953 = EDGE_CURVE('',#1954,#1956,#1958,.T.);
#1954 = VERTEX_POINT('',#1955);
#1955 = CARTESIAN_POINT('',(246.38,241.3,7.9248E+03));
#1956 = VERTEX_POINT('',#1957);
#1957 = CARTESIAN_POINT('',(246.38,241.3,8.0264E+03));
#1958 = LINE('',#1959,#1960);
#1959 = CARTESIAN_POINT('',(246.38,241.3,7.9248E+03));
#1960 = VECTOR('',#1961,1.);
#1961 = DIRECTION('',(0.,0.,1.));
#1962 = ORIENTED_EDGE('',*,*,#1963,.T.);
#1963 = EDGE_CURVE('',#1954,#1964,#1966,.T.);
#1964 = VERTEX_POINT('',#1965);
#1965 = CARTESIAN_POINT('',(246.38,279.4,7.9248E+03));
#1966 = LINE('',#1967,#1968);
#1967 = CARTESIAN_POINT('',(246.38,241.3,7.9248E+03));
#1968 = VECTOR('',#1969,1.);
#1969 = DIRECTION('',(0.,1.,0.));
#1970 = ORIENTED_EDGE('',*,*,#1971,.T.);
#1971 = EDGE_CURVE('',#1964,#1972,#1974,.T.);
#1972 = VERTEX_POINT('',#1973);
#1973 = CARTESIAN_POINT('',(246.38,279.4,8.0264E+03));
#1974 = LINE('',#1975,#1976);
#1975 = CARTESIAN_POINT('',(246.38,279.4,7.9248E+03));
#1976 = VECTOR('',#1977,1.);
#1977 = DIRECTION('',(0.,0.,1.));
#1978 = ORIENTED_EDGE('',*,*,#1979,.F.);
#1979 = EDGE_CURVE('',#1956,#1972,#1980,.T.);
#1980 = LINE('',#1981,#1982);
#1981 = CARTESIAN_POINT('',(246.38,241.3,8.0264E+03));
#1982 = VECTOR('',#1983,1.);
#1983 = DIRECTION('',(0.,1.,0.));
#1984 = PLANE('',#1985);
#1985 = AXIS2_PLACEMENT_3D('',#1986,#1987,#1988);
#1986 = CARTESIAN_POINT('',(246.38,241.3,7.9248E+03));
#1987 = DIRECTION('',(1.,0.,0.));
#1988 = DIRECTION('',(0.,0.,1.));
#1989 = ADVANCED_FACE('',(#1990),#2006,.F.);
#1990 = FACE_BOUND('',#1991,.F.);
#1991 = EDGE_LOOP('',(#1992,#1998,#1999,#2005));
#1992 = ORIENTED_EDGE('',*,*,#1993,.F.);
#1993 = EDGE_CURVE('',#1914,#1954,#1994,.T.);
#1994 = LINE('',#1995,#1996);
#1995 = CARTESIAN_POINT('',(208.28,241.3,7.9248E+03));
#1996 = VECTOR('',#1997,1.);
#1997 = DIRECTION('',(1.,0.,0.));
#1998 = ORIENTED_EDGE('',*,*,#1913,.T.);
#1999 = ORIENTED_EDGE('',*,*,#2000,.T.);
#2000 = EDGE_CURVE('',#1916,#1956,#2001,.T.);
#2001 = LINE('',#2002,#2003);
#2002 = CARTESIAN_POINT('',(208.28,241.3,8.0264E+03));
#2003 = VECTOR('',#2004,1.);
#2004 = DIRECTION('',(1.,0.,0.));
#2005 = ORIENTED_EDGE('',*,*,#1953,.F.);
#2006 = PLANE('',#2007);
#2007 = AXIS2_PLACEMENT_3D('',#2008,#2009,#2010);
#2008 = CARTESIAN_POINT('',(208.28,241.3,7.9248E+03));
#2009 = DIRECTION('',(0.,1.,0.));
#2010 = DIRECTION('',(0.,0.,1.));
#2011 = ADVANCED_FACE('',(#2012),#2028,.T.);
#2012 = FACE_BOUND('',#2013,.T.);
#2013 = EDGE_LOOP('',(#2014,#2020,#2021,#2027));
#2014 = ORIENTED_EDGE('',*,*,#2015,.F.);
#2015 = EDGE_CURVE('',#1924,#1964,#2016,.T.);
#2016 = LINE('',#2017,#2018);
#2017 = CARTESIAN_POINT('',(208.28,279.4,7.9248E+03));
#2018 = VECTOR('',#2019,1.);
#2019 = DIRECTION('',(1.,0.,0.));
#2020 = ORIENTED_EDGE('',*,*,#1931,.T.);
#2021 = ORIENTED_EDGE('',*,*,#2022,.T.);
#2022 = EDGE_CURVE('',#1932,#1972,#2023,.T.);
#2023 = LINE('',#2024,#2025);
#2024 = CARTESIAN_POINT('',(208.28,279.4,8.0264E+03));
#2025 = VECTOR('',#2026,1.);
#2026 = DIRECTION('',(1.,0.,0.));
#2027 = ORIENTED_EDGE('',*,*,#1971,.F.);
#2028 = PLANE('',#2029);
#2029 = AXIS2_PLACEMENT_3D('',#2030,#2031,#2032);
#2030 = CARTESIAN_POINT('',(208.28,279.4,7.9248E+03));
#2031 = DIRECTION('',(0.,1.,0.));
#2032 = DIRECTION('',(0.,0.,1.));
#2033 = ADVANCED_FACE('',(#2034),#2040,.F.);
#2034 = FACE_BOUND('',#2035,.F.);
#2035 = EDGE_LOOP('',(#2036,#2037,#2038,#2039));
#2036 = ORIENTED_EDGE('',*,*,#1923,.F.);
#2037 = ORIENTED_EDGE('',*,*,#1993,.T.);
#2038 = ORIENTED_EDGE('',*,*,#1963,.T.);
#2039 = ORIENTED_EDGE('',*,*,#2015,.F.);
#2040 = PLANE('',#2041);
#2041 = AXIS2_PLACEMENT_3D('',#2042,#2043,#2044);
#2042 = CARTESIAN_POINT('',(208.28,241.3,7.9248E+03));
#2043 = DIRECTION('',(0.,0.,1.));
#2044 = DIRECTION('',(1.,0.,0.));
#2045 = ADVANCED_FACE('',(#2046),#2052,.T.);
#2046 = FACE_BOUND('',#2047,.T.);
#2047 = EDGE_LOOP('',(#2048,#2049,#2050,#2051));
#2048 = ORIENTED_EDGE('',*,*,#1939,.F.);
#2049 = ORIENTED_EDGE('',*,*,#2000,.T.);
#2050 = ORIENTED_EDGE('',*,*,#1979,.T.);
#2051 = ORIENTED_EDGE('',*,*,#2022,.F.);
#2052 = PLANE('',#2053);
#2053 = AXIS2_PLACEMENT_3D('',#2054,#2055,#2056);
#2054 = CARTESIAN_POINT('',(208.28,241.3,8.0264E+03));
#2055 = DIRECTION('',(0.,0.,1.));
#2056 = DIRECTION('',(1.,0.,0.));
#2057 = MANIFOLD_SOLID_BREP('',#2058);
#2058 = CLOSED_SHELL('',(#2059,#2099,#2139,#2161,#2183,#2195));
#2059 = ADVANCED_FACE('',(#2060),#2094,.F.);
#2060 = FACE_BOUND('',#2061,.F.);
#2061 = EDGE_LOOP('',(#2062,#2072,#2080,#2088));
#2062 = ORIENTED_EDGE('',*,*,#2063,.F.);
#2063 = EDGE_CURVE('',#2064,#2066,#2068,.T.);
#2064 = VERTEX_POINT('',#2065);
#2065 = CARTESIAN_POINT('',(474.98,241.3,7.9248E+03));
#2066 = VERTEX_POINT('',#2067);
#2067 = CARTESIAN_POINT('',(474.98,241.3,8.0264E+03));
#2068 = LINE('',#2069,#2070);
#2069 = CARTESIAN_POINT('',(474.98,241.3,7.9248E+03));
#2070 = VECTOR('',#2071,1.);
#2071 = DIRECTION('',(0.,0.,1.));
#2072 = ORIENTED_EDGE('',*,*,#2073,.T.);
#2073 = EDGE_CURVE('',#2064,#2074,#2076,.T.);
#2074 = VERTEX_POINT('',#2075);
#2075 = CARTESIAN_POINT('',(474.98,279.4,7.9248E+03));
#2076 = LINE('',#2077,#2078);
#2077 = CARTESIAN_POINT('',(474.98,241.3,7.9248E+03));
#2078 = VECTOR('',#2079,1.);
#2079 = DIRECTION('',(0.,1.,0.));
#2080 = ORIENTED_EDGE('',*,*,#2081,.T.);
#2081 = EDGE_CURVE('',#2074,#2082,#2084,.T.);
#2082 = VERTEX_POINT('',#2083);
#2083 = CARTESIAN_POINT('',(474.98,279.4,8.0264E+03));
#2084 = LINE('',#2085,#2086);
#2085 = CARTESIAN_POINT('',(474.98,279.4,7.9248E+03));
#2086 = VECTOR('',#2087,1.);
#2087 = DIRECTION('',(0.,0.,1.));
#2088 = ORIENTED_EDGE('',*,*,#2089,.F.);
#2089 = EDGE_CURVE('',#2066,#2082,#2090,.T.);
#2090 = LINE('',#2091,#2092);
#2091 = CARTESIAN_POINT('',(474.98,241.3,8.0264E+03));
#2092 = VECTOR('',#2093,1.);
#2093 = DIRECTION('',(0.,1.,0.));
#2094 = PLANE('',#2095);
#2095 = AXIS2_PLACEMENT_3D('',#2096,#2097,#2098);
#2096 = CARTESIAN_POINT('',(474.98,241.3,7.9248E+03));
#2097 = DIRECTION('',(1.,0.,0.));
#2098 = DIRECTION('',(0.,0.,1.));
#2099 = ADVANCED_FACE('',(#2100),#2134,.T.);
#2100 = FACE_BOUND('',#2101,.T.);
#2101 = EDGE_LOOP('',(#2102,#2112,#2120,#2128));
#2102 = ORIENTED_EDGE('',*,*,#2103,.F.);
#2103 = EDGE_CURVE('',#2104,#2106,#2108,.T.);
#2104 = VERTEX_POINT('',#2105);
#2105 = CARTESIAN_POINT('',(513.08,241.3,7.9248E+03));
#2106 = VERTEX_POINT('',#2107);
#2107 = CARTESIAN_POINT('',(513.08,241.3,8.0264E+03));
#2108 = LINE('',#2109,#2110);
#2109 = CARTESIAN_POINT('',(513.08,241.3,7.9248E+03));
#2110 = VECTOR('',#2111,1.);
#2111 = DIRECTION('',(0.,0.,1.));
#2112 = ORIENTED_EDGE('',*,*,#2113,.T.);
#2113 = EDGE_CURVE('',#2104,#2114,#2116,.T.);
#2114 = VERTEX_POINT('',#2115);
#2115 = CARTESIAN_POINT('',(513.08,279.4,7.9248E+03));
#2116 = LINE('',#2117,#2118);
#2117 = CARTESIAN_POINT('',(513.08,241.3,7.9248E+03));
#2118 = VECTOR('',#2119,1.);
#2119 = DIRECTION('',(0.,1.,0.));
#2120 = ORIENTED_EDGE('',*,*,#2121,.T.);
#2121 = EDGE_CURVE('',#2114,#2122,#2124,.T.);
#2122 = VERTEX_POINT('',#2123);
#2123 = CARTESIAN_POINT('',(513.08,279.4,8.0264E+03));
#2124 = LINE('',#2125,#2126);
#2125 = CARTESIAN_POINT('',(513.08,279.4,7.9248E+03));
#2126 = VECTOR('',#2127,1.);
#2127 = DIRECTION('',(0.,0.,1.));
#2128 = ORIENTED_EDGE('',*,*,#2129,.F.);
#2129 = EDGE_CURVE('',#2106,#2122,#2130,.T.);
#2130 = LINE('',#2131,#2132);
#2131 = CARTESIAN_POINT('',(513.08,241.3,8.0264E+03));
#2132 = VECTOR('',#2133,1.);
#2133 = DIRECTION('',(0.,1.,0.));
#2134 = PLANE('',#2135);
#2135 = AXIS2_PLACEMENT_3D('',#2136,#2137,#2138);
#2136 = CARTESIAN_POINT('',(513.08,241.3,7.9248E+03));
#2137 = DIRECTION('',(1.,0.,0.));
#2138 = DIRECTION('',(0.,0.,1.));
#2139 = ADVANCED_FACE('',(#2140),#2156,.F.);
#2140 = FACE_BOUND('',#2141,.F.);
#2141 = EDGE_LOOP('',(#2142,#2148,#2149,#2155));
#2142 = ORIENTED_EDGE('',*,*,#2143,.F.);
#2143 = EDGE_CURVE('',#2064,#2104,#2144,.T.);
#2144 = LINE('',#2145,#2146);
#2145 = CARTESIAN_POINT('',(474.98,241.3,7.9248E+03));
#2146 = VECTOR('',#2147,1.);
#2147 = DIRECTION('',(1.,0.,0.));
#2148 = ORIENTED_EDGE('',*,*,#2063,.T.);
#2149 = ORIENTED_EDGE('',*,*,#2150,.T.);
#2150 = EDGE_CURVE('',#2066,#2106,#2151,.T.);
#2151 = LINE('',#2152,#2153);
#2152 = CARTESIAN_POINT('',(474.98,241.3,8.0264E+03));
#2153 = VECTOR('',#2154,1.);
#2154 = DIRECTION('',(1.,0.,0.));
#2155 = ORIENTED_EDGE('',*,*,#2103,.F.);
#2156 = PLANE('',#2157);
#2157 = AXIS2_PLACEMENT_3D('',#2158,#2159,#2160);
#2158 = CARTESIAN_POINT('',(474.98,241.3,7.9248E+03));
#2159 = DIRECTION('',(0.,1.,0.));
#2160 = DIRECTION('',(0.,0.,1.));
#2161 = ADVANCED_FACE('',(#2162),#2178,.T.);
#2162 = FACE_BOUND('',#2163,.T.);
#2163 = EDGE_LOOP('',(#2164,#2170,#2171,#2177));
#2164 = ORIENTED_EDGE('',*,*,#2165,.F.);
#2165 = EDGE_CURVE('',#2074,#2114,#2166,.T.);
#2166 = LINE('',#2167,#2168);
#2167 = CARTESIAN_POINT('',(474.98,279.4,7.9248E+03));
#2168 = VECTOR('',#2169,1.);
#2169 = DIRECTION('',(1.,0.,0.));
#2170 = ORIENTED_EDGE('',*,*,#2081,.T.);
#2171 = ORIENTED_EDGE('',*,*,#2172,.T.);
#2172 = EDGE_CURVE('',#2082,#2122,#2173,.T.);
#2173 = LINE('',#2174,#2175);
#2174 = CARTESIAN_POINT('',(474.98,279.4,8.0264E+03));
#2175 = VECTOR('',#2176,1.);
#2176 = DIRECTION('',(1.,0.,0.));
#2177 = ORIENTED_EDGE('',*,*,#2121,.F.);
#2178 = PLANE('',#2179);
#2179 = AXIS2_PLACEMENT_3D('',#2180,#2181,#2182);
#2180 = CARTESIAN_POINT('',(474.98,279.4,7.9248E+03));
#2181 = DIRECTION('',(0.,1.,0.));
#2182 = DIRECTION('',(0.,0.,1.));
#2183 = ADVANCED_FACE('',(#2184),#2190,.F.);
#2184 = FACE_BOUND('',#2185,.F.);
#2185 = EDGE_LOOP('',(#2186,#2187,#2188,#2189));
#2186 = ORIENTED_EDGE('',*,*,#2073,.F.);
#2187 = ORIENTED_EDGE('',*,*,#2143,.T.);
#2188 = ORIENTED_EDGE('',*,*,#2113,.T.);
#2189 = ORIENTED_EDGE('',*,*,#2165,.F.);
#2190 = PLANE('',#2191);
#2191 = AXIS2_PLACEMENT_3D('',#2192,#2193,#2194);
#2192 = CARTESIAN_POINT('',(474.98,241.3,7.9248E+03));
#2193 = DIRECTION('',(0.,0.,1.));
#2194 = DIRECTION('',(1.,0.,0.));
#2195 = ADVANCED_FACE('',(#2196),#2202,.T.);
#2196 = FACE_BOUND('',#2197,.T.);
#2197 = EDGE_LOOP('',(#2198,#2199,#2200,#2201));
#2198 = ORIENTED_EDGE('',*,*,#2089,.F.);
#2199 = ORIENTED_EDGE('',*,*,#2150,.T.);
#2200 = ORIENTED_EDGE('',*,*,#2129,.T.);
#2201 = ORIENTED_EDGE('',*,*,#2172,.F.);
#2202 = PLANE('',#2203);
#2203 = AXIS2_PLACEMENT_3D('',#2204,#2205,#2206);
#2204 = CARTESIAN_POINT('',(474.98,241.3,8.0264E+03));
#2205 = DIRECTION('',(0.,0.,1.));
#2206 = DIRECTION('',(1.,0.,0.));
#2207 = MANIFOLD_SOLID_BREP('',#2208);
#2208 = CLOSED_SHELL('',(#2209,#2249,#2289,#2311,#2333,#2345));
#2209 = ADVANCED_FACE('',(#2210),#2244,.F.);
#2210 = FACE_BOUND('',#2211,.F.);
#2211 = EDGE_LOOP('',(#2212,#2222,#2230,#2238));
#2212 = ORIENTED_EDGE('',*,*,#2213,.F.);
#2213 = EDGE_CURVE('',#2214,#2216,#2218,.T.);
#2214 = VERTEX_POINT('',#2215);
#2215 = CARTESIAN_POINT('',(208.28,508.,7.9248E+03));
#2216 = VERTEX_POINT('',#2217);
#2217 = CARTESIAN_POINT('',(208.28,508.,8.0264E+03));
#2218 = LINE('',#2219,#2220);
#2219 = CARTESIAN_POINT('',(208.28,508.,7.9248E+03));
#2220 = VECTOR('',#2221,1.);
#2221 = DIRECTION('',(0.,0.,1.));
#2222 = ORIENTED_EDGE('',*,*,#2223,.T.);
#2223 = EDGE_CURVE('',#2214,#2224,#2226,.T.);
#2224 = VERTEX_POINT('',#2225);
#2225 = CARTESIAN_POINT('',(208.28,546.1,7.9248E+03));
#2226 = LINE('',#2227,#2228);
#2227 = CARTESIAN_POINT('',(208.28,508.,7.9248E+03));
#2228 = VECTOR('',#2229,1.);
#2229 = DIRECTION('',(0.,1.,0.));
#2230 = ORIENTED_EDGE('',*,*,#2231,.T.);
#2231 = EDGE_CURVE('',#2224,#2232,#2234,.T.);
#2232 = VERTEX_POINT('',#2233);
#2233 = CARTESIAN_POINT('',(208.28,546.1,8.0264E+03));
#2234 = LINE('',#2235,#2236);
#2235 = CARTESIAN_POINT('',(208.28,546.1,7.9248E+03));
#2236 = VECTOR('',#2237,1.);
#2237 = DIRECTION('',(0.,0.,1.));
#2238 = ORIENTED_EDGE('',*,*,#2239,.F.);
#2239 = EDGE_CURVE('',#2216,#2232,#2240,.T.);
#2240 = LINE('',#2241,#2242);
#2241 = CARTESIAN_POINT('',(208.28,508.,8.0264E+03));
#2242 = VECTOR('',#2243,1.);
#2243 = DIRECTION('',(0.,1.,0.));
#2244 = PLANE('',#2245);
#2245 = AXIS2_PLACEMENT_3D('',#2246,#2247,#2248);
#2246 = CARTESIAN_POINT('',(208.28,508.,7.9248E+03));
#2247 = DIRECTION('',(1.,0.,0.));
#2248 = DIRECTION('',(0.,0.,1.));
#2249 = ADVANCED_FACE('',(#2250),#2284,.T.);
#2250 = FACE_BOUND('',#2251,.T.);
#2251 = EDGE_LOOP('',(#2252,#2262,#2270,#2278));
#2252 = ORIENTED_EDGE('',*,*,#2253,.F.);
#2253 = EDGE_CURVE('',#2254,#2256,#2258,.T.);
#2254 = VERTEX_POINT('',#2255);
#2255 = CARTESIAN_POINT('',(246.38,508.,7.9248E+03));
#2256 = VERTEX_POINT('',#2257);
#2257 = CARTESIAN_POINT('',(246.38,508.,8.0264E+03));
#2258 = LINE('',#2259,#2260);
#2259 = CARTESIAN_POINT('',(246.38,508.,7.9248E+03));
#2260 = VECTOR('',#2261,1.);
#2261 = DIRECTION('',(0.,0.,1.));
#2262 = ORIENTED_EDGE('',*,*,#2263,.T.);
#2263 = EDGE_CURVE('',#2254,#2264,#2266,.T.);
#2264 = VERTEX_POINT('',#2265);
#2265 = CARTESIAN_POINT('',(246.38,546.1,7.9248E+03));
#2266 = LINE('',#2267,#2268);
#2267 = CARTESIAN_POINT('',(246.38,508.,7.9248E+03));
#2268 = VECTOR('',#2269,1.);
#2269 = DIRECTION('',(0.,1.,0.));
#2270 = ORIENTED_EDGE('',*,*,#2271,.T.);
#2271 = EDGE_CURVE('',#2264,#2272,#2274,.T.);
#2272 = VERTEX_POINT('',#2273);
#2273 = CARTESIAN_POINT('',(246.38,546.1,8.0264E+03));
#2274 = LINE('',#2275,#2276);
#2275 = CARTESIAN_POINT('',(246.38,546.1,7.9248E+03));
#2276 = VECTOR('',#2277,1.);
#2277 = DIRECTION('',(0.,0.,1.));
#2278 = ORIENTED_EDGE('',*,*,#2279,.F.);
#2279 = EDGE_CURVE('',#2256,#2272,#2280,.T.);
#2280 = LINE('',#2281,#2282);
#2281 = CARTESIAN_POINT('',(246.38,508.,8.0264E+03));
#2282 = VECTOR('',#2283,1.);
#2283 = DIRECTION('',(0.,1.,0.));
#2284 = PLANE('',#2285);
#2285 = AXIS2_PLACEMENT_3D('',#2286,#2287,#2288);
#2286 = CARTESIAN_POINT('',(246.38,508.,7.9248E+03));
#2287 = DIRECTION('',(1.,0.,0.));
#2288 = DIRECTION('',(0.,0.,1.));
#2289 = ADVANCED_FACE('',(#2290),#2306,.F.);
#2290 = FACE_BOUND('',#2291,.F.);
#2291 = EDGE_LOOP('',(#2292,#2298,#2299,#2305));
#2292 = ORIENTED_EDGE('',*,*,#2293,.F.);
#2293 = EDGE_CURVE('',#2214,#2254,#2294,.T.);
#2294 = LINE('',#2295,#2296);
#2295 = CARTESIAN_POINT('',(208.28,508.,7.9248E+03));
#2296 = VECTOR('',#2297,1.);
#2297 = DIRECTION('',(1.,0.,0.));
#2298 = ORIENTED_EDGE('',*,*,#2213,.T.);
#2299 = ORIENTED_EDGE('',*,*,#2300,.T.);
#2300 = EDGE_CURVE('',#2216,#2256,#2301,.T.);
#2301 = LINE('',#2302,#2303);
#2302 = CARTESIAN_POINT('',(208.28,508.,8.0264E+03));
#2303 = VECTOR('',#2304,1.);
#2304 = DIRECTION('',(1.,0.,0.));
#2305 = ORIENTED_EDGE('',*,*,#2253,.F.);
#2306 = PLANE('',#2307);
#2307 = AXIS2_PLACEMENT_3D('',#2308,#2309,#2310);
#2308 = CARTESIAN_POINT('',(208.28,508.,7.9248E+03));
#2309 = DIRECTION('',(0.,1.,0.));
#2310 = DIRECTION('',(0.,0.,1.));
#2311 = ADVANCED_FACE('',(#2312),#2328,.T.);
#2312 = FACE_BOUND('',#2313,.T.);
#2313 = EDGE_LOOP('',(#2314,#2320,#2321,#2327));
#2314 = ORIENTED_EDGE('',*,*,#2315,.F.);
#2315 = EDGE_CURVE('',#2224,#2264,#2316,.T.);
#2316 = LINE('',#2317,#2318);
#2317 = CARTESIAN_POINT('',(208.28,546.1,7.9248E+03));
#2318 = VECTOR('',#2319,1.);
#2319 = DIRECTION('',(1.,0.,0.));
#2320 = ORIENTED_EDGE('',*,*,#2231,.T.);
#2321 = ORIENTED_EDGE('',*,*,#2322,.T.);
#2322 = EDGE_CURVE('',#2232,#2272,#2323,.T.);
#2323 = LINE('',#2324,#2325);
#2324 = CARTESIAN_POINT('',(208.28,546.1,8.0264E+03));
#2325 = VECTOR('',#2326,1.);
#2326 = DIRECTION('',(1.,0.,0.));
#2327 = ORIENTED_EDGE('',*,*,#2271,.F.);
#2328 = PLANE('',#2329);
#2329 = AXIS2_PLACEMENT_3D('',#2330,#2331,#2332);
#2330 = CARTESIAN_POINT('',(208.28,546.1,7.9248E+03));
#2331 = DIRECTION('',(0.,1.,0.));
#2332 = DIRECTION('',(0.,0.,1.));
#2333 = ADVANCED_FACE('',(#2334),#2340,.F.);
#2334 = FACE_BOUND('',#2335,.F.);
#2335 = EDGE_LOOP('',(#2336,#2337,#2338,#2339));
#2336 = ORIENTED_EDGE('',*,*,#2223,.F.);
#2337 = ORIENTED_EDGE('',*,*,#2293,.T.);
#2338 = ORIENTED_EDGE('',*,*,#2263,.T.);
#2339 = ORIENTED_EDGE('',*,*,#2315,.F.);
#2340 = PLANE('',#2341);
#2341 = AXIS2_PLACEMENT_3D('',#2342,#2343,#2344);
#2342 = CARTESIAN_POINT('',(208.28,508.,7.9248E+03));
#2343 = DIRECTION('',(0.,0.,1.));
#2344 = DIRECTION('',(1.,0.,0.));
#2345 = ADVANCED_FACE('',(#2346),#2352,.T.);
#2346 = FACE_BOUND('',#2347,.T.);
#2347 = EDGE_LOOP('',(#2348,#2349,#2350,#2351));
#2348 = ORIENTED_EDGE('',*,*,#2239,.F.);
#2349 = ORIENTED_EDGE('',*,*,#2300,.T.);
#2350 = ORIENTED_EDGE('',*,*,#2279,.T.);
#2351 = ORIENTED_EDGE('',*,*,#2322,.F.);
#2352 = PLANE('',#2353);
#2353 = AXIS2_PLACEMENT_3D('',#2354,#2355,#2356);
#2354 = CARTESIAN_POINT('',(208.28,508.,8.0264E+03));
#2355 = DIRECTION('',(0.,0.,1.));
#2356 = DIRECTION('',(1.,0.,0.));
#2357 = MANIFOLD_SOLID_BREP('',#2358);
#2358 = CLOSED_SHELL('',(#2359,#2399,#2439,#2461,#2483,#2495));
#2359 = ADVANCED_FACE('',(#2360),#2394,.F.);
#2360 = FACE_BOUND('',#2361,.F.);
#2361 = EDGE_LOOP('',(#2362,#2372,#2380,#2388));
#2362 = ORIENTED_EDGE('',*,*,#2363,.F.);
#2363 = EDGE_CURVE('',#2364,#2366,#2368,.T.);
#2364 = VERTEX_POINT('',#2365);
#2365 = CARTESIAN_POINT('',(474.98,508.,7.9248E+03));
#2366 = VERTEX_POINT('',#2367);
#2367 = CARTESIAN_POINT('',(474.98,508.,8.0264E+03));
#2368 = LINE('',#2369,#2370);
#2369 = CARTESIAN_POINT('',(474.98,508.,7.9248E+03));
#2370 = VECTOR('',#2371,1.);
#2371 = DIRECTION('',(0.,0.,1.));
#2372 = ORIENTED_EDGE('',*,*,#2373,.T.);
#2373 = EDGE_CURVE('',#2364,#2374,#2376,.T.);
#2374 = VERTEX_POINT('',#2375);
#2375 = CARTESIAN_POINT('',(474.98,546.1,7.9248E+03));
#2376 = LINE('',#2377,#2378);
#2377 = CARTESIAN_POINT('',(474.98,508.,7.9248E+03));
#2378 = VECTOR('',#2379,1.);
#2379 = DIRECTION('',(0.,1.,0.));
#2380 = ORIENTED_EDGE('',*,*,#2381,.T.);
#2381 = EDGE_CURVE('',#2374,#2382,#2384,.T.);
#2382 = VERTEX_POINT('',#2383);
#2383 = CARTESIAN_POINT('',(474.98,546.1,8.0264E+03));
#2384 = LINE('',#2385,#2386);
#2385 = CARTESIAN_POINT('',(474.98,546.1,7.9248E+03));
#2386 = VECTOR('',#2387,1.);
#2387 = DIRECTION('',(0.,0.,1.));
#2388 = ORIENTED_EDGE('',*,*,#2389,.F.);
#2389 = EDGE_CURVE('',#2366,#2382,#2390,.T.);
#2390 = LINE('',#2391,#2392);
#2391 = CARTESIAN_POINT('',(474.98,508.,8.0264E+03));
#2392 = VECTOR('',#2393,1.);
#2393 = DIRECTION('',(0.,1.,0.));
#2394 = PLANE('',#2395);
#2395 = AXIS2_PLACEMENT_3D('',#2396,#2397,#2398);
#2396 = CARTESIAN_POINT('',(474.98,508.,7.9248E+03));
#2397 = DIRECTION('',(1.,0.,0.));
#2398 = DIRECTION('',(0.,0.,1.));
#2399 = ADVANCED_FACE('',(#2400),#2434,.T.);
#2400 = FACE_BOUND('',#2401,.T.);
#2401 = EDGE_LOOP('',(#2402,#2412,#2420,#2428));
#2402 = ORIENTED_EDGE('',*,*,#2403,.F.);
#2403 = EDGE_CURVE('',#2404,#2406,#2408,.T.);
#2404 = VERTEX_POINT('',#2405);
#2405 = CARTESIAN_POINT('',(513.08,508.,7.9248E+03));
#2406 = VERTEX_POINT('',#2407);
#2407 = CARTESIAN_POINT('',(513.08,508.,8.0264E+03));
#2408 = LINE('',#2409,#2410);
#2409 = CARTESIAN_POINT('',(513.08,508.,7.9248E+03));
#2410 = VECTOR('',#2411,1.);
#2411 = DIRECTION('',(0.,0.,1.));
#2412 = ORIENTED_EDGE('',*,*,#2413,.T.);
#2413 = EDGE_CURVE('',#2404,#2414,#2416,.T.);
#2414 = VERTEX_POINT('',#2415);
#2415 = CARTESIAN_POINT('',(513.08,546.1,7.9248E+03));
#2416 = LINE('',#2417,#2418);
#2417 = CARTESIAN_POINT('',(513.08,508.,7.9248E+03));
#2418 = VECTOR('',#2419,1.);
#2419 = DIRECTION('',(0.,1.,0.));
#2420 = ORIENTED_EDGE('',*,*,#2421,.T.);
#2421 = EDGE_CURVE('',#2414,#2422,#2424,.T.);
#2422 = VERTEX_POINT('',#2423);
#2423 = CARTESIAN_POINT('',(513.08,546.1,8.0264E+03));
#2424 = LINE('',#2425,#2426);
#2425 = CARTESIAN_POINT('',(513.08,546.1,7.9248E+03));
#2426 = VECTOR('',#2427,1.);
#2427 = DIRECTION('',(0.,0.,1.));
#2428 = ORIENTED_EDGE('',*,*,#2429,.F.);
#2429 = EDGE_CURVE('',#2406,#2422,#2430,.T.);
#2430 = LINE('',#2431,#2432);
#2431 = CARTESIAN_POINT('',(513.08,508.,8.0264E+03));
#2432 = VECTOR('',#2433,1.);
#2433 = DIRECTION('',(0.,1.,0.));
#2434 = PLANE('',#2435);
#2435 = AXIS2_PLACEMENT_3D('',#2436,#2437,#2438);
#2436 = CARTESIAN_POINT('',(513.08,508.,7.9248E+03));
#2437 = DIRECTION('',(1.,0.,0.));
#2438 = DIRECTION('',(0.,0.,1.));
#2439 = ADVANCED_FACE('',(#2440),#2456,.F.);
#2440 = FACE_BOUND('',#2441,.F.);
#2441 = EDGE_LOOP('',(#2442,#2448,#2449,#2455));
#2442 = ORIENTED_EDGE('',*,*,#2443,.F.);
#2443 = EDGE_CURVE('',#2364,#2404,#2444,.T.);
#2444 = LINE('',#2445,#2446);
#2445 = CARTESIAN_POINT('',(474.98,508.,7.9248E+03));
#2446 = VECTOR('',#2447,1.);
#2447 = DIRECTION('',(1.,0.,0.));
#2448 = ORIENTED_EDGE('',*,*,#2363,.T.);
#2449 = ORIENTED_EDGE('',*,*,#2450,.T.);
#2450 = EDGE_CURVE('',#2366,#2406,#2451,.T.);
#2451 = LINE('',#2452,#2453);
#2452 = CARTESIAN_POINT('',(474.98,508.,8.0264E+03));
#2453 = VECTOR('',#2454,1.);
#2454 = DIRECTION('',(1.,0.,0.));
#2455 = ORIENTED_EDGE('',*,*,#2403,.F.);
#2456 = PLANE('',#2457);
#2457 = AXIS2_PLACEMENT_3D('',#2458,#2459,#2460);
#2458 = CARTESIAN_POINT('',(474.98,508.,7.9248E+03));
#2459 = DIRECTION('',(0.,1.,0.));
#2460 = DIRECTION('',(0.,0.,1.));
#2461 = ADVANCED_FACE('',(#2462),#2478,.T.);
#2462 = FACE_BOUND('',#2463,.T.);
#2463 = EDGE_LOOP('',(#2464,#2470,#2471,#2477));
#2464 = ORIENTED_EDGE('',*,*,#2465,.F.);
#2465 = EDGE_CURVE('',#2374,#2414,#2466,.T.);
#2466 = LINE('',#2467,#2468);
#2467 = CARTESIAN_POINT('',(474.98,546.1,7.9248E+03));
#2468 = VECTOR('',#2469,1.);
#2469 = DIRECTION('',(1.,0.,0.));
#2470 = ORIENTED_EDGE('',*,*,#2381,.T.);
#2471 = ORIENTED_EDGE('',*,*,#2472,.T.);
#2472 = EDGE_CURVE('',#2382,#2422,#2473,.T.);
#2473 = LINE('',#2474,#2475);
#2474 = CARTESIAN_POINT('',(474.98,546.1,8.0264E+03));
#2475 = VECTOR('',#2476,1.);
#2476 = DIRECTION('',(1.,0.,0.));
#2477 = ORIENTED_EDGE('',*,*,#2421,.F.);
#2478 = PLANE('',#2479);
#2479 = AXIS2_PLACEMENT_3D('',#2480,#2481,#2482);
#2480 = CARTESIAN_POINT('',(474.98,546.1,7.9248E+03));
#2481 = DIRECTION('',(0.,1.,0.));
#2482 = DIRECTION('',(0.,0.,1.));
#2483 = ADVANCED_FACE('',(#2484),#2490,.F.);
#2484 = FACE_BOUND('',#2485,.F.);
#2485 = EDGE_LOOP('',(#2486,#2487,#2488,#2489));
#2486 = ORIENTED_EDGE('',*,*,#2373,.F.);
#2487 = ORIENTED_EDGE('',*,*,#2443,.T.);
#2488 = ORIENTED_EDGE('',*,*,#2413,.T.);
#2489 = ORIENTED_EDGE('',*,*,#2465,.F.);
#2490 = PLANE('',#2491);
#2491 = AXIS2_PLACEMENT_3D('',#2492,#2493,#2494);
#2492 = CARTESIAN_POINT('',(474.98,508.,7.9248E+03));
#2493 = DIRECTION('',(0.,0.,1.));
#2494 = DIRECTION('',(1.,0.,0.));
#2495 = ADVANCED_FACE('',(#2496),#2502,.T.);
#2496 = FACE_BOUND('',#2497,.T.);
#2497 = EDGE_LOOP('',(#2498,#2499,#2500,#2501));
#2498 = ORIENTED_EDGE('',*,*,#2389,.F.);
#2499 = ORIENTED_EDGE('',*,*,#2450,.T.);
#2500 = ORIENTED_EDGE('',*,*,#2429,.T.);
#2501 = ORIENTED_EDGE('',*,*,#2472,.F.);
#2502 = PLANE('',#2503);
#2503 = AXIS2_PLACEMENT_3D('',#2504,#2505,#2506);
#2504 = CARTESIAN_POINT('',(474.98,508.,8.0264E+03));
#2505 = DIRECTION('',(0.,0.,1.));
#2506 = DIRECTION('',(1.,0.,0.));
#2507 = MANIFOLD_SOLID_BREP('',#2508);
#2508 = CLOSED_SHELL('',(#2509,#2549,#2589,#2611,#2633,#2645));
#2509 = ADVANCED_FACE('',(#2510),#2544,.F.);
#2510 = FACE_BOUND('',#2511,.F.);
#2511 = EDGE_LOOP('',(#2512,#2522,#2530,#2538));
#2512 = ORIENTED_EDGE('',*,*,#2513,.F.);
#2513 = EDGE_CURVE('',#2514,#2516,#2518,.T.);
#2514 = VERTEX_POINT('',#2515);
#2515 = CARTESIAN_POINT('',(711.2,203.2,8.0264E+03));
#2516 = VERTEX_POINT('',#2517);
#2517 = CARTESIAN_POINT('',(711.2,203.2,8.0772E+03));
#2518 = LINE('',#2519,#2520);
#2519 = CARTESIAN_POINT('',(711.2,203.2,8.0264E+03));
#2520 = VECTOR('',#2521,1.);
#2521 = DIRECTION('',(0.,0.,1.));
#2522 = ORIENTED_EDGE('',*,*,#2523,.T.);
#2523 = EDGE_CURVE('',#2514,#2524,#2526,.T.);
#2524 = VERTEX_POINT('',#2525);
#2525 = CARTESIAN_POINT('',(711.2,584.2,8.0264E+03));
#2526 = LINE('',#2527,#2528);
#2527 = CARTESIAN_POINT('',(711.2,203.2,8.0264E+03));
#2528 = VECTOR('',#2529,1.);
#2529 = DIRECTION('',(0.,1.,0.));
#2530 = ORIENTED_EDGE('',*,*,#2531,.T.);
#2531 = EDGE_CURVE('',#2524,#2532,#2534,.T.);
#2532 = VERTEX_POINT('',#2533);
#2533 = CARTESIAN_POINT('',(711.2,584.2,8.0772E+03));
#2534 = LINE('',#2535,#2536);
#2535 = CARTESIAN_POINT('',(711.2,584.2,8.0264E+03));
#2536 = VECTOR('',#2537,1.);
#2537 = DIRECTION('',(0.,0.,1.));
#2538 = ORIENTED_EDGE('',*,*,#2539,.F.);
#2539 = EDGE_CURVE('',#2516,#2532,#2540,.T.);
#2540 = LINE('',#2541,#2542);
#2541 = CARTESIAN_POINT('',(711.2,203.2,8.0772E+03));
#2542 = VECTOR('',#2543,1.);
#2543 = DIRECTION('',(0.,1.,0.));
#2544 = PLANE('',#2545);
#2545 = AXIS2_PLACEMENT_3D('',#2546,#2547,#2548);
#2546 = CARTESIAN_POINT('',(711.2,203.2,8.0264E+03));
#2547 = DIRECTION('',(1.,0.,0.));
#2548 = DIRECTION('',(0.,0.,1.));
#2549 = ADVANCED_FACE('',(#2550),#2584,.T.);
#2550 = FACE_BOUND('',#2551,.T.);
#2551 = EDGE_LOOP('',(#2552,#2562,#2570,#2578));
#2552 = ORIENTED_EDGE('',*,*,#2553,.F.);
#2553 = EDGE_CURVE('',#2554,#2556,#2558,.T.);
#2554 = VERTEX_POINT('',#2555);
#2555 = CARTESIAN_POINT('',(1.0922E+03,203.2,8.0264E+03));
#2556 = VERTEX_POINT('',#2557);
#2557 = CARTESIAN_POINT('',(1.0922E+03,203.2,8.0772E+03));
#2558 = LINE('',#2559,#2560);
#2559 = CARTESIAN_POINT('',(1.0922E+03,203.2,8.0264E+03));
#2560 = VECTOR('',#2561,1.);
#2561 = DIRECTION('',(0.,0.,1.));
#2562 = ORIENTED_EDGE('',*,*,#2563,.T.);
#2563 = EDGE_CURVE('',#2554,#2564,#2566,.T.);
#2564 = VERTEX_POINT('',#2565);
#2565 = CARTESIAN_POINT('',(1.0922E+03,584.2,8.0264E+03));
#2566 = LINE('',#2567,#2568);
#2567 = CARTESIAN_POINT('',(1.0922E+03,203.2,8.0264E+03));
#2568 = VECTOR('',#2569,1.);
#2569 = DIRECTION('',(0.,1.,0.));
#2570 = ORIENTED_EDGE('',*,*,#2571,.T.);
#2571 = EDGE_CURVE('',#2564,#2572,#2574,.T.);
#2572 = VERTEX_POINT('',#2573);
#2573 = CARTESIAN_POINT('',(1.0922E+03,584.2,8.0772E+03));
#2574 = LINE('',#2575,#2576);
#2575 = CARTESIAN_POINT('',(1.0922E+03,584.2,8.0264E+03));
#2576 = VECTOR('',#2577,1.);
#2577 = DIRECTION('',(0.,0.,1.));
#2578 = ORIENTED_EDGE('',*,*,#2579,.F.);
#2579 = EDGE_CURVE('',#2556,#2572,#2580,.T.);
#2580 = LINE('',#2581,#2582);
#2581 = CARTESIAN_POINT('',(1.0922E+03,203.2,8.0772E+03));
#2582 = VECTOR('',#2583,1.);
#2583 = DIRECTION('',(0.,1.,0.));
#2584 = PLANE('',#2585);
#2585 = AXIS2_PLACEMENT_3D('',#2586,#2587,#2588);
#2586 = CARTESIAN_POINT('',(1.0922E+03,203.2,8.0264E+03));
#2587 = DIRECTION('',(1.,0.,0.));
#2588 = DIRECTION('',(0.,0.,1.));
#2589 = ADVANCED_FACE('',(#2590),#2606,.F.);
#2590 = FACE_BOUND('',#2591,.F.);
#2591 = EDGE_LOOP('',(#2592,#2598,#2599,#2605));
#2592 = ORIENTED_EDGE('',*,*,#2593,.F.);
#2593 = EDGE_CURVE('',#2514,#2554,#2594,.T.);
#2594 = LINE('',#2595,#2596);
#2595 = CARTESIAN_POINT('',(711.2,203.2,8.0264E+03));
#2596 = VECTOR('',#2597,1.);
#2597 = DIRECTION('',(1.,0.,0.));
#2598 = ORIENTED_EDGE('',*,*,#2513,.T.);
#2599 = ORIENTED_EDGE('',*,*,#2600,.T.);
#2600 = EDGE_CURVE('',#2516,#2556,#2601,.T.);
#2601 = LINE('',#2602,#2603);
#2602 = CARTESIAN_POINT('',(711.2,203.2,8.0772E+03));
#2603 = VECTOR('',#2604,1.);
#2604 = DIRECTION('',(1.,0.,0.));
#2605 = ORIENTED_EDGE('',*,*,#2553,.F.);
#2606 = PLANE('',#2607);
#2607 = AXIS2_PLACEMENT_3D('',#2608,#2609,#2610);
#2608 = CARTESIAN_POINT('',(711.2,203.2,8.0264E+03));
#2609 = DIRECTION('',(0.,1.,0.));
#2610 = DIRECTION('',(0.,0.,1.));
#2611 = ADVANCED_FACE('',(#2612),#2628,.T.);
#2612 = FACE_BOUND('',#2613,.T.);
#2613 = EDGE_LOOP('',(#2614,#2620,#2621,#2627));
#2614 = ORIENTED_EDGE('',*,*,#2615,.F.);
#2615 = EDGE_CURVE('',#2524,#2564,#2616,.T.);
#2616 = LINE('',#2617,#2618);
#2617 = CARTESIAN_POINT('',(711.2,584.2,8.0264E+03));
#2618 = VECTOR('',#2619,1.);
#2619 = DIRECTION('',(1.,0.,0.));
#2620 = ORIENTED_EDGE('',*,*,#2531,.T.);
#2621 = ORIENTED_EDGE('',*,*,#2622,.T.);
#2622 = EDGE_CURVE('',#2532,#2572,#2623,.T.);
#2623 = LINE('',#2624,#2625);
#2624 = CARTESIAN_POINT('',(711.2,584.2,8.0772E+03));
#2625 = VECTOR('',#2626,1.);
#2626 = DIRECTION('',(1.,0.,0.));
#2627 = ORIENTED_EDGE('',*,*,#2571,.F.);
#2628 = PLANE('',#2629);
#2629 = AXIS2_PLACEMENT_3D('',#2630,#2631,#2632);
#2630 = CARTESIAN_POINT('',(711.2,584.2,8.0264E+03));
#2631 = DIRECTION('',(0.,1.,0.));
#2632 = DIRECTION('',(0.,0.,1.));
#2633 = ADVANCED_FACE('',(#2634),#2640,.F.);
#2634 = FACE_BOUND('',#2635,.F.);
#2635 = EDGE_LOOP('',(#2636,#2637,#2638,#2639));
#2636 = ORIENTED_EDGE('',*,*,#2523,.F.);
#2637 = ORIENTED_EDGE('',*,*,#2593,.T.);
#2638 = ORIENTED_EDGE('',*,*,#2563,.T.);
#2639 = ORIENTED_EDGE('',*,*,#2615,.F.);
#2640 = PLANE('',#2641);
#2641 = AXIS2_PLACEMENT_3D('',#2642,#2643,#2644);
#2642 = CARTESIAN_POINT('',(711.2,203.2,8.0264E+03));
#2643 = DIRECTION('',(0.,0.,1.));
#2644 = DIRECTION('',(1.,0.,0.));
#2645 = ADVANCED_FACE('',(#2646),#2652,.T.);
#2646 = FACE_BOUND('',#2647,.T.);
#2647 = EDGE_LOOP('',(#2648,#2649,#2650,#2651));
#2648 = ORIENTED_EDGE('',*,*,#2539,.F.);
#2649 = ORIENTED_EDGE('',*,*,#2600,.T.);
#2650 = ORIENTED_EDGE('',*,*,#2579,.T.);
#2651 = ORIENTED_EDGE('',*,*,#2622,.F.);
#2652 = PLANE('',#2653);
#2653 = AXIS2_PLACEMENT_3D('',#2654,#2655,#2656);
#2654 = CARTESIAN_POINT('',(711.2,203.2,8.0772E+03));
#2655 = DIRECTION('',(0.,0.,1.));
#2656 = DIRECTION('',(1.,0.,0.));
#2657 = MANIFOLD_SOLID_BREP('',#2658);
#2658 = CLOSED_SHELL('',(#2659,#2699,#2739,#2761,#2783,#2795));
#2659 = ADVANCED_FACE('',(#2660),#2694,.F.);
#2660 = FACE_BOUND('',#2661,.F.);
#2661 = EDGE_LOOP('',(#2662,#2672,#2680,#2688));
#2662 = ORIENTED_EDGE('',*,*,#2663,.F.);
#2663 = EDGE_CURVE('',#2664,#2666,#2668,.T.);
#2664 = VERTEX_POINT('',#2665);
#2665 = CARTESIAN_POINT('',(749.3,241.3,7.9248E+03));
#2666 = VERTEX_POINT('',#2667);
#2667 = CARTESIAN_POINT('',(749.3,241.3,8.0264E+03));
#2668 = LINE('',#2669,#2670);
#2669 = CARTESIAN_POINT('',(749.3,241.3,7.9248E+03));
#2670 = VECTOR('',#2671,1.);
#2671 = DIRECTION('',(0.,0.,1.));
#2672 = ORIENTED_EDGE('',*,*,#2673,.T.);
#2673 = EDGE_CURVE('',#2664,#2674,#2676,.T.);
#2674 = VERTEX_POINT('',#2675);
#2675 = CARTESIAN_POINT('',(749.3,279.4,7.9248E+03));
#2676 = LINE('',#2677,#2678);
#2677 = CARTESIAN_POINT('',(749.3,241.3,7.9248E+03));
#2678 = VECTOR('',#2679,1.);
#2679 = DIRECTION('',(0.,1.,0.));
#2680 = ORIENTED_EDGE('',*,*,#2681,.T.);
#2681 = EDGE_CURVE('',#2674,#2682,#2684,.T.);
#2682 = VERTEX_POINT('',#2683);
#2683 = CARTESIAN_POINT('',(749.3,279.4,8.0264E+03));
#2684 = LINE('',#2685,#2686);
#2685 = CARTESIAN_POINT('',(749.3,279.4,7.9248E+03));
#2686 = VECTOR('',#2687,1.);
#2687 = DIRECTION('',(0.,0.,1.));
#2688 = ORIENTED_EDGE('',*,*,#2689,.F.);
#2689 = EDGE_CURVE('',#2666,#2682,#2690,.T.);
#2690 = LINE('',#2691,#2692);
#2691 = CARTESIAN_POINT('',(749.3,241.3,8.0264E+03));
#2692 = VECTOR('',#2693,1.);
#2693 = DIRECTION('',(0.,1.,0.));
#2694 = PLANE('',#2695);
#2695 = AXIS2_PLACEMENT_3D('',#2696,#2697,#2698);
#2696 = CARTESIAN_POINT('',(749.3,241.3,7.9248E+03));
#2697 = DIRECTION('',(1.,0.,0.));
#2698 = DIRECTION('',(0.,0.,1.));
#2699 = ADVANCED_FACE('',(#2700),#2734,.T.);
#2700 = FACE_BOUND('',#2701,.T.);
#2701 = EDGE_LOOP('',(#2702,#2712,#2720,#2728));
#2702 = ORIENTED_EDGE('',*,*,#2703,.F.);
#2703 = EDGE_CURVE('',#2704,#2706,#2708,.T.);
#2704 = VERTEX_POINT('',#2705);
#2705 = CARTESIAN_POINT('',(787.4,241.3,7.9248E+03));
#2706 = VERTEX_POINT('',#2707);
#2707 = CARTESIAN_POINT('',(787.4,241.3,8.0264E+03));
#2708 = LINE('',#2709,#2710);
#2709 = CARTESIAN_POINT('',(787.4,241.3,7.9248E+03));
#2710 = VECTOR('',#2711,1.);
#2711 = DIRECTION('',(0.,0.,1.));
#2712 = ORIENTED_EDGE('',*,*,#2713,.T.);
#2713 = EDGE_CURVE('',#2704,#2714,#2716,.T.);
#2714 = VERTEX_POINT('',#2715);
#2715 = CARTESIAN_POINT('',(787.4,279.4,7.9248E+03));
#2716 = LINE('',#2717,#2718);
#2717 = CARTESIAN_POINT('',(787.4,241.3,7.9248E+03));
#2718 = VECTOR('',#2719,1.);
#2719 = DIRECTION('',(0.,1.,0.));
#2720 = ORIENTED_EDGE('',*,*,#2721,.T.);
#2721 = EDGE_CURVE('',#2714,#2722,#2724,.T.);
#2722 = VERTEX_POINT('',#2723);
#2723 = CARTESIAN_POINT('',(787.4,279.4,8.0264E+03));
#2724 = LINE('',#2725,#2726);
#2725 = CARTESIAN_POINT('',(787.4,279.4,7.9248E+03));
#2726 = VECTOR('',#2727,1.);
#2727 = DIRECTION('',(0.,0.,1.));
#2728 = ORIENTED_EDGE('',*,*,#2729,.F.);
#2729 = EDGE_CURVE('',#2706,#2722,#2730,.T.);
#2730 = LINE('',#2731,#2732);
#2731 = CARTESIAN_POINT('',(787.4,241.3,8.0264E+03));
#2732 = VECTOR('',#2733,1.);
#2733 = DIRECTION('',(0.,1.,0.));
#2734 = PLANE('',#2735);
#2735 = AXIS2_PLACEMENT_3D('',#2736,#2737,#2738);
#2736 = CARTESIAN_POINT('',(787.4,241.3,7.9248E+03));
#2737 = DIRECTION('',(1.,0.,0.));
#2738 = DIRECTION('',(0.,0.,1.));
#2739 = ADVANCED_FACE('',(#2740),#2756,.F.);
#2740 = FACE_BOUND('',#2741,.F.);
#2741 = EDGE_LOOP('',(#2742,#2748,#2749,#2755));
#2742 = ORIENTED_EDGE('',*,*,#2743,.F.);
#2743 = EDGE_CURVE('',#2664,#2704,#2744,.T.);
#2744 = LINE('',#2745,#2746);
#2745 = CARTESIAN_POINT('',(749.3,241.3,7.9248E+03));
#2746 = VECTOR('',#2747,1.);
#2747 = DIRECTION('',(1.,0.,0.));
#2748 = ORIENTED_EDGE('',*,*,#2663,.T.);
#2749 = ORIENTED_EDGE('',*,*,#2750,.T.);
#2750 = EDGE_CURVE('',#2666,#2706,#2751,.T.);
#2751 = LINE('',#2752,#2753);
#2752 = CARTESIAN_POINT('',(749.3,241.3,8.0264E+03));
#2753 = VECTOR('',#2754,1.);
#2754 = DIRECTION('',(1.,0.,0.));
#2755 = ORIENTED_EDGE('',*,*,#2703,.F.);
#2756 = PLANE('',#2757);
#2757 = AXIS2_PLACEMENT_3D('',#2758,#2759,#2760);
#2758 = CARTESIAN_POINT('',(749.3,241.3,7.9248E+03));
#2759 = DIRECTION('',(0.,1.,0.));
#2760 = DIRECTION('',(0.,0.,1.));
#2761 = ADVANCED_FACE('',(#2762),#2778,.T.);
#2762 = FACE_BOUND('',#2763,.T.);
#2763 = EDGE_LOOP('',(#2764,#2770,#2771,#2777));
#2764 = ORIENTED_EDGE('',*,*,#2765,.F.);
#2765 = EDGE_CURVE('',#2674,#2714,#2766,.T.);
#2766 = LINE('',#2767,#2768);
#2767 = CARTESIAN_POINT('',(749.3,279.4,7.9248E+03));
#2768 = VECTOR('',#2769,1.);
#2769 = DIRECTION('',(1.,0.,0.));
#2770 = ORIENTED_EDGE('',*,*,#2681,.T.);
#2771 = ORIENTED_EDGE('',*,*,#2772,.T.);
#2772 = EDGE_CURVE('',#2682,#2722,#2773,.T.);
#2773 = LINE('',#2774,#2775);
#2774 = CARTESIAN_POINT('',(749.3,279.4,8.0264E+03));
#2775 = VECTOR('',#2776,1.);
#2776 = DIRECTION('',(1.,0.,0.));
#2777 = ORIENTED_EDGE('',*,*,#2721,.F.);
#2778 = PLANE('',#2779);
#2779 = AXIS2_PLACEMENT_3D('',#2780,#2781,#2782);
#2780 = CARTESIAN_POINT('',(749.3,279.4,7.9248E+03));
#2781 = DIRECTION('',(0.,1.,0.));
#2782 = DIRECTION('',(0.,0.,1.));
#2783 = ADVANCED_FACE('',(#2784),#2790,.F.);
#2784 = FACE_BOUND('',#2785,.F.);
#2785 = EDGE_LOOP('',(#2786,#2787,#2788,#2789));
#2786 = ORIENTED_EDGE('',*,*,#2673,.F.);
#2787 = ORIENTED_EDGE('',*,*,#2743,.T.);
#2788 = ORIENTED_EDGE('',*,*,#2713,.T.);
#2789 = ORIENTED_EDGE('',*,*,#2765,.F.);
#2790 = PLANE('',#2791);
#2791 = AXIS2_PLACEMENT_3D('',#2792,#2793,#2794);
#2792 = CARTESIAN_POINT('',(749.3,241.3,7.9248E+03));
#2793 = DIRECTION('',(0.,0.,1.));
#2794 = DIRECTION('',(1.,0.,0.));
#2795 = ADVANCED_FACE('',(#2796),#2802,.T.);
#2796 = FACE_BOUND('',#2797,.T.);
#2797 = EDGE_LOOP('',(#2798,#2799,#2800,#2801));
#2798 = ORIENTED_EDGE('',*,*,#2689,.F.);
#2799 = ORIENTED_EDGE('',*,*,#2750,.T.);
#2800 = ORIENTED_EDGE('',*,*,#2729,.T.);
#2801 = ORIENTED_EDGE('',*,*,#2772,.F.);
#2802 = PLANE('',#2803);
#2803 = AXIS2_PLACEMENT_3D('',#2804,#2805,#2806);
#2804 = CARTESIAN_POINT('',(749.3,241.3,8.0264E+03));
#2805 = DIRECTION('',(0.,0.,1.));
#2806 = DIRECTION('',(1.,0.,0.));
#2807 = MANIFOLD_SOLID_BREP('',#2808);
#2808 = CLOSED_SHELL('',(#2809,#2849,#2889,#2911,#2933,#2945));
#2809 = ADVANCED_FACE('',(#2810),#2844,.F.);
#2810 = FACE_BOUND('',#2811,.F.);
#2811 = EDGE_LOOP('',(#2812,#2822,#2830,#2838));
#2812 = ORIENTED_EDGE('',*,*,#2813,.F.);
#2813 = EDGE_CURVE('',#2814,#2816,#2818,.T.);
#2814 = VERTEX_POINT('',#2815);
#2815 = CARTESIAN_POINT('',(1.016E+03,241.3,7.9248E+03));
#2816 = VERTEX_POINT('',#2817);
#2817 = CARTESIAN_POINT('',(1.016E+03,241.3,8.0264E+03));
#2818 = LINE('',#2819,#2820);
#2819 = CARTESIAN_POINT('',(1.016E+03,241.3,7.9248E+03));
#2820 = VECTOR('',#2821,1.);
#2821 = DIRECTION('',(0.,0.,1.));
#2822 = ORIENTED_EDGE('',*,*,#2823,.T.);
#2823 = EDGE_CURVE('',#2814,#2824,#2826,.T.);
#2824 = VERTEX_POINT('',#2825);
#2825 = CARTESIAN_POINT('',(1.016E+03,279.4,7.9248E+03));
#2826 = LINE('',#2827,#2828);
#2827 = CARTESIAN_POINT('',(1.016E+03,241.3,7.9248E+03));
#2828 = VECTOR('',#2829,1.);
#2829 = DIRECTION('',(0.,1.,0.));
#2830 = ORIENTED_EDGE('',*,*,#2831,.T.);
#2831 = EDGE_CURVE('',#2824,#2832,#2834,.T.);
#2832 = VERTEX_POINT('',#2833);
#2833 = CARTESIAN_POINT('',(1.016E+03,279.4,8.0264E+03));
#2834 = LINE('',#2835,#2836);
#2835 = CARTESIAN_POINT('',(1.016E+03,279.4,7.9248E+03));
#2836 = VECTOR('',#2837,1.);
#2837 = DIRECTION('',(0.,0.,1.));
#2838 = ORIENTED_EDGE('',*,*,#2839,.F.);
#2839 = EDGE_CURVE('',#2816,#2832,#2840,.T.);
#2840 = LINE('',#2841,#2842);
#2841 = CARTESIAN_POINT('',(1.016E+03,241.3,8.0264E+03));
#2842 = VECTOR('',#2843,1.);
#2843 = DIRECTION('',(0.,1.,0.));
#2844 = PLANE('',#2845);
#2845 = AXIS2_PLACEMENT_3D('',#2846,#2847,#2848);
#2846 = CARTESIAN_POINT('',(1.016E+03,241.3,7.9248E+03));
#2847 = DIRECTION('',(1.,0.,0.));
#2848 = DIRECTION('',(0.,0.,1.));
#2849 = ADVANCED_FACE('',(#2850),#2884,.T.);
#2850 = FACE_BOUND('',#2851,.T.);
#2851 = EDGE_LOOP('',(#2852,#2862,#2870,#2878));
#2852 = ORIENTED_EDGE('',*,*,#2853,.F.);
#2853 = EDGE_CURVE('',#2854,#2856,#2858,.T.);
#2854 = VERTEX_POINT('',#2855);
#2855 = CARTESIAN_POINT('',(1.0541E+03,241.3,7.9248E+03));
#2856 = VERTEX_POINT('',#2857);
#2857 = CARTESIAN_POINT('',(1.0541E+03,241.3,8.0264E+03));
#2858 = LINE('',#2859,#2860);
#2859 = CARTESIAN_POINT('',(1.0541E+03,241.3,7.9248E+03));
#2860 = VECTOR('',#2861,1.);
#2861 = DIRECTION('',(0.,0.,1.));
#2862 = ORIENTED_EDGE('',*,*,#2863,.T.);
#2863 = EDGE_CURVE('',#2854,#2864,#2866,.T.);
#2864 = VERTEX_POINT('',#2865);
#2865 = CARTESIAN_POINT('',(1.0541E+03,279.4,7.9248E+03));
#2866 = LINE('',#2867,#2868);
#2867 = CARTESIAN_POINT('',(1.0541E+03,241.3,7.9248E+03));
#2868 = VECTOR('',#2869,1.);
#2869 = DIRECTION('',(0.,1.,0.));
#2870 = ORIENTED_EDGE('',*,*,#2871,.T.);
#2871 = EDGE_CURVE('',#2864,#2872,#2874,.T.);
#2872 = VERTEX_POINT('',#2873);
#2873 = CARTESIAN_POINT('',(1.0541E+03,279.4,8.0264E+03));
#2874 = LINE('',#2875,#2876);
#2875 = CARTESIAN_POINT('',(1.0541E+03,279.4,7.9248E+03));
#2876 = VECTOR('',#2877,1.);
#2877 = DIRECTION('',(0.,0.,1.));
#2878 = ORIENTED_EDGE('',*,*,#2879,.F.);
#2879 = EDGE_CURVE('',#2856,#2872,#2880,.T.);
#2880 = LINE('',#2881,#2882);
#2881 = CARTESIAN_POINT('',(1.0541E+03,241.3,8.0264E+03));
#2882 = VECTOR('',#2883,1.);
#2883 = DIRECTION('',(0.,1.,0.));
#2884 = PLANE('',#2885);
#2885 = AXIS2_PLACEMENT_3D('',#2886,#2887,#2888);
#2886 = CARTESIAN_POINT('',(1.0541E+03,241.3,7.9248E+03));
#2887 = DIRECTION('',(1.,0.,0.));
#2888 = DIRECTION('',(0.,0.,1.));
#2889 = ADVANCED_FACE('',(#2890),#2906,.F.);
#2890 = FACE_BOUND('',#2891,.F.);
#2891 = EDGE_LOOP('',(#2892,#2898,#2899,#2905));
#2892 = ORIENTED_EDGE('',*,*,#2893,.F.);
#2893 = EDGE_CURVE('',#2814,#2854,#2894,.T.);
#2894 = LINE('',#2895,#2896);
#2895 = CARTESIAN_POINT('',(1.016E+03,241.3,7.9248E+03));
#2896 = VECTOR('',#2897,1.);
#2897 = DIRECTION('',(1.,0.,0.));
#2898 = ORIENTED_EDGE('',*,*,#2813,.T.);
#2899 = ORIENTED_EDGE('',*,*,#2900,.T.);
#2900 = EDGE_CURVE('',#2816,#2856,#2901,.T.);
#2901 = LINE('',#2902,#2903);
#2902 = CARTESIAN_POINT('',(1.016E+03,241.3,8.0264E+03));
#2903 = VECTOR('',#2904,1.);
#2904 = DIRECTION('',(1.,0.,0.));
#2905 = ORIENTED_EDGE('',*,*,#2853,.F.);
#2906 = PLANE('',#2907);
#2907 = AXIS2_PLACEMENT_3D('',#2908,#2909,#2910);
#2908 = CARTESIAN_POINT('',(1.016E+03,241.3,7.9248E+03));
#2909 = DIRECTION('',(0.,1.,0.));
#2910 = DIRECTION('',(0.,0.,1.));
#2911 = ADVANCED_FACE('',(#2912),#2928,.T.);
#2912 = FACE_BOUND('',#2913,.T.);
#2913 = EDGE_LOOP('',(#2914,#2920,#2921,#2927));
#2914 = ORIENTED_EDGE('',*,*,#2915,.F.);
#2915 = EDGE_CURVE('',#2824,#2864,#2916,.T.);
#2916 = LINE('',#2917,#2918);
#2917 = CARTESIAN_POINT('',(1.016E+03,279.4,7.9248E+03));
#2918 = VECTOR('',#2919,1.);
#2919 = DIRECTION('',(1.,0.,0.));
#2920 = ORIENTED_EDGE('',*,*,#2831,.T.);
#2921 = ORIENTED_EDGE('',*,*,#2922,.T.);
#2922 = EDGE_CURVE('',#2832,#2872,#2923,.T.);
#2923 = LINE('',#2924,#2925);
#2924 = CARTESIAN_POINT('',(1.016E+03,279.4,8.0264E+03));
#2925 = VECTOR('',#2926,1.);
#2926 = DIRECTION('',(1.,0.,0.));
#2927 = ORIENTED_EDGE('',*,*,#2871,.F.);
#2928 = PLANE('',#2929);
#2929 = AXIS2_PLACEMENT_3D('',#2930,#2931,#2932);
#2930 = CARTESIAN_POINT('',(1.016E+03,279.4,7.9248E+03));
#2931 = DIRECTION('',(0.,1.,0.));
#2932 = DIRECTION('',(0.,0.,1.));
#2933 = ADVANCED_FACE('',(#2934),#2940,.F.);
#2934 = FACE_BOUND('',#2935,.F.);
#2935 = EDGE_LOOP('',(#2936,#2937,#2938,#2939));
#2936 = ORIENTED_EDGE('',*,*,#2823,.F.);
#2937 = ORIENTED_EDGE('',*,*,#2893,.T.);
#2938 = ORIENTED_EDGE('',*,*,#2863,.T.);
#2939 = ORIENTED_EDGE('',*,*,#2915,.F.);
#2940 = PLANE('',#2941);
#2941 = AXIS2_PLACEMENT_3D('',#2942,#2943,#2944);
#2942 = CARTESIAN_POINT('',(1.016E+03,241.3,7.9248E+03));
#2943 = DIRECTION('',(0.,0.,1.));
#2944 = DIRECTION('',(1.,0.,0.));
#2945 = ADVANCED_FACE('',(#2946),#2952,.T.);
#2946 = FACE_BOUND('',#2947,.T.);
#2947 = EDGE_LOOP('',(#2948,#2949,#2950,#2951));
#2948 = ORIENTED_EDGE('',*,*,#2839,.F.);
#2949 = ORIENTED_EDGE('',*,*,#2900,.T.);
#2950 = ORIENTED_EDGE('',*,*,#2879,.T.);
#2951 = ORIENTED_EDGE('',*,*,#2922,.F.);
#2952 = PLANE('',#2953);
#2953 = AXIS2_PLACEMENT_3D('',#2954,#2955,#2956);
#2954 = CARTESIAN_POINT('',(1.016E+03,241.3,8.0264E+03));
#2955 = DIRECTION('',(0.,0.,1.));
#2956 = DIRECTION('',(1.,0.,0.));
#2957 = MANIFOLD_SOLID_BREP('',#2958);
#2958 = CLOSED_SHELL('',(#2959,#2999,#3039,#3061,#3083,#3095));
#2959 = ADVANCED_FACE('',(#2960),#2994,.F.);
#2960 = FACE_BOUND('',#2961,.F.);
#2961 = EDGE_LOOP('',(#2962,#2972,#2980,#2988));
#2962 = ORIENTED_EDGE('',*,*,#2963,.F.);
#2963 = EDGE_CURVE('',#2964,#2966,#2968,.T.);
#2964 = VERTEX_POINT('',#2965);
#2965 = CARTESIAN_POINT('',(749.3,508.,7.9248E+03));
#2966 = VERTEX_POINT('',#2967);
#2967 = CARTESIAN_POINT('',(749.3,508.,8.0264E+03));
#2968 = LINE('',#2969,#2970);
#2969 = CARTESIAN_POINT('',(749.3,508.,7.9248E+03));
#2970 = VECTOR('',#2971,1.);
#2971 = DIRECTION('',(0.,0.,1.));
#2972 = ORIENTED_EDGE('',*,*,#2973,.T.);
#2973 = EDGE_CURVE('',#2964,#2974,#2976,.T.);
#2974 = VERTEX_POINT('',#2975);
#2975 = CARTESIAN_POINT('',(749.3,546.1,7.9248E+03));
#2976 = LINE('',#2977,#2978);
#2977 = CARTESIAN_POINT('',(749.3,508.,7.9248E+03));
#2978 = VECTOR('',#2979,1.);
#2979 = DIRECTION('',(0.,1.,0.));
#2980 = ORIENTED_EDGE('',*,*,#2981,.T.);
#2981 = EDGE_CURVE('',#2974,#2982,#2984,.T.);
#2982 = VERTEX_POINT('',#2983);
#2983 = CARTESIAN_POINT('',(749.3,546.1,8.0264E+03));
#2984 = LINE('',#2985,#2986);
#2985 = CARTESIAN_POINT('',(749.3,546.1,7.9248E+03));
#2986 = VECTOR('',#2987,1.);
#2987 = DIRECTION('',(0.,0.,1.));
#2988 = ORIENTED_EDGE('',*,*,#2989,.F.);
#2989 = EDGE_CURVE('',#2966,#2982,#2990,.T.);
#2990 = LINE('',#2991,#2992);
#2991 = CARTESIAN_POINT('',(749.3,508.,8.0264E+03));
#2992 = VECTOR('',#2993,1.);
#2993 = DIRECTION('',(0.,1.,0.));
#2994 = PLANE('',#2995);
#2995 = AXIS2_PLACEMENT_3D('',#2996,#2997,#2998);
#2996 = CARTESIAN_POINT('',(749.3,508.,7.9248E+03));
#2997 = DIRECTION('',(1.,0.,0.));
#2998 = DIRECTION('',(0.,0.,1.));
#2999 = ADVANCED_FACE('',(#3000),#3034,.T.);
#3000 = FACE_BOUND('',#3001,.T.);
#3001 = EDGE_LOOP('',(#3002,#3012,#3020,#3028));
#3002 = ORIENTED_EDGE('',*,*,#3003,.F.);
#3003 = EDGE_CURVE('',#3004,#3006,#3008,.T.);
#3004 = VERTEX_POINT('',#3005);
#3005 = CARTESIAN_POINT('',(787.4,508.,7.9248E+03));
#3006 = VERTEX_POINT('',#3007);
#3007 = CARTESIAN_POINT('',(787.4,508.,8.0264E+03));
#3008 = LINE('',#3009,#3010);
#3009 = CARTESIAN_POINT('',(787.4,508.,7.9248E+03));
#3010 = VECTOR('',#3011,1.);
#3011 = DIRECTION('',(0.,0.,1.));
#3012 = ORIENTED_EDGE('',*,*,#3013,.T.);
#3013 = EDGE_CURVE('',#3004,#3014,#3016,.T.);
#3014 = VERTEX_POINT('',#3015);
#3015 = CARTESIAN_POINT('',(787.4,546.1,7.9248E+03));
#3016 = LINE('',#3017,#3018);
#3017 = CARTESIAN_POINT('',(787.4,508.,7.9248E+03));
#3018 = VECTOR('',#3019,1.);
#3019 = DIRECTION('',(0.,1.,0.));
#3020 = ORIENTED_EDGE('',*,*,#3021,.T.);
#3021 = EDGE_CURVE('',#3014,#3022,#3024,.T.);
#3022 = VERTEX_POINT('',#3023);
#3023 = CARTESIAN_POINT('',(787.4,546.1,8.0264E+03));
#3024 = LINE('',#3025,#3026);
#3025 = CARTESIAN_POINT('',(787.4,546.1,7.9248E+03));
#3026 = VECTOR('',#3027,1.);
#3027 = DIRECTION('',(0.,0.,1.));
#3028 = ORIENTED_EDGE('',*,*,#3029,.F.);
#3029 = EDGE_CURVE('',#3006,#3022,#3030,.T.);
#3030 = LINE('',#3031,#3032);
#3031 = CARTESIAN_POINT('',(787.4,508.,8.0264E+03));
#3032 = VECTOR('',#3033,1.);
#3033 = DIRECTION('',(0.,1.,0.));
#3034 = PLANE('',#3035);
#3035 = AXIS2_PLACEMENT_3D('',#3036,#3037,#3038);
#3036 = CARTESIAN_POINT('',(787.4,508.,7.9248E+03));
#3037 = DIRECTION('',(1.,0.,0.));
#3038 = DIRECTION('',(0.,0.,1.));
#3039 = ADVANCED_FACE('',(#3040),#3056,.F.);
#3040 = FACE_BOUND('',#3041,.F.);
#3041 = EDGE_LOOP('',(#3042,#3048,#3049,#3055));
#3042 = ORIENTED_EDGE('',*,*,#3043,.F.);
#3043 = EDGE_CURVE('',#2964,#3004,#3044,.T.);
#3044 = LINE('',#3045,#3046);
#3045 = CARTESIAN_POINT('',(749.3,508.,7.9248E+03));
#3046 = VECTOR('',#3047,1.);
#3047 = DIRECTION('',(1.,0.,0.));
#3048 = ORIENTED_EDGE('',*,*,#2963,.T.);
#3049 = ORIENTED_EDGE('',*,*,#3050,.T.);
#3050 = EDGE_CURVE('',#2966,#3006,#3051,.T.);
#3051 = LINE('',#3052,#3053);
#3052 = CARTESIAN_POINT('',(749.3,508.,8.0264E+03));
#3053 = VECTOR('',#3054,1.);
#3054 = DIRECTION('',(1.,0.,0.));
#3055 = ORIENTED_EDGE('',*,*,#3003,.F.);
#3056 = PLANE('',#3057);
#3057 = AXIS2_PLACEMENT_3D('',#3058,#3059,#3060);
#3058 = CARTESIAN_POINT('',(749.3,508.,7.9248E+03));
#3059 = DIRECTION('',(0.,1.,0.));
#3060 = DIRECTION('',(0.,0.,1.));
#3061 = ADVANCED_FACE('',(#3062),#3078,.T.);
#3062 = FACE_BOUND('',#3063,.T.);
#3063 = EDGE_LOOP('',(#3064,#3070,#3071,#3077));
#3064 = ORIENTED_EDGE('',*,*,#3065,.F.);
#3065 = EDGE_CURVE('',#2974,#3014,#3066,.T.);
#3066 = LINE('',#3067,#3068);
#3067 = CARTESIAN_POINT('',(749.3,546.1,7.9248E+03));
#3068 = VECTOR('',#3069,1.);
#3069 = DIRECTION('',(1.,0.,0.));
#3070 = ORIENTED_EDGE('',*,*,#2981,.T.);
#3071 = ORIENTED_EDGE('',*,*,#3072,.T.);
#3072 = EDGE_CURVE('',#2982,#3022,#3073,.T.);
#3073 = LINE('',#3074,#3075);
#3074 = CARTESIAN_POINT('',(749.3,546.1,8.0264E+03));
#3075 = VECTOR('',#3076,1.);
#3076 = DIRECTION('',(1.,0.,0.));
#3077 = ORIENTED_EDGE('',*,*,#3021,.F.);
#3078 = PLANE('',#3079);
#3079 = AXIS2_PLACEMENT_3D('',#3080,#3081,#3082);
#3080 = CARTESIAN_POINT('',(749.3,546.1,7.9248E+03));
#3081 = DIRECTION('',(0.,1.,0.));
#3082 = DIRECTION('',(0.,0.,1.));
#3083 = ADVANCED_FACE('',(#3084),#3090,.F.);
#3084 = FACE_BOUND('',#3085,.F.);
#3085 = EDGE_LOOP('',(#3086,#3087,#3088,#3089));
#3086 = ORIENTED_EDGE('',*,*,#2973,.F.);
#3087 = ORIENTED_EDGE('',*,*,#3043,.T.);
#3088 = ORIENTED_EDGE('',*,*,#3013,.T.);
#3089 = ORIENTED_EDGE('',*,*,#3065,.F.);
#3090 = PLANE('',#3091);
#3091 = AXIS2_PLACEMENT_3D('',#3092,#3093,#3094);
#3092 = CARTESIAN_POINT('',(749.3,508.,7.9248E+03));
#3093 = DIRECTION('',(0.,0.,1.));
#3094 = DIRECTION('',(1.,0.,0.));
#3095 = ADVANCED_FACE('',(#3096),#3102,.T.);
#3096 = FACE_BOUND('',#3097,.T.);
#3097 = EDGE_LOOP('',(#3098,#3099,#3100,#3101));
#3098 = ORIENTED_EDGE('',*,*,#2989,.F.);
#3099 = ORIENTED_EDGE('',*,*,#3050,.T.);
#3100 = ORIENTED_EDGE('',*,*,#3029,.T.);
#3101 = ORIENTED_EDGE('',*,*,#3072,.F.);
#3102 = PLANE('',#3103);
#3103 = AXIS2_PLACEMENT_3D('',#3104,#3105,#3106);
#3104 = CARTESIAN_POINT('',(749.3,508.,8.0264E+03));
#3105 = DIRECTION('',(0.,0.,1.));
#3106 = DIRECTION('',(1.,0.,0.));
#3107 = MANIFOLD_SOLID_BREP('',#3108);
#3108 = CLOSED_SHELL('',(#3109,#3149,#3189,#3211,#3233,#3245));
#3109 = ADVANCED_FACE('',(#3110),#3144,.F.);
#3110 = FACE_BOUND('',#3111,.F.);
#3111 = EDGE_LOOP('',(#3112,#3122,#3130,#3138));
#3112 = ORIENTED_EDGE('',*,*,#3113,.F.);
#3113 = EDGE_CURVE('',#3114,#3116,#3118,.T.);
#3114 = VERTEX_POINT('',#3115);
#3115 = CARTESIAN_POINT('',(1.016E+03,508.,7.9248E+03));
#3116 = VERTEX_POINT('',#3117);
#3117 = CARTESIAN_POINT('',(1.016E+03,508.,8.0264E+03));
#3118 = LINE('',#3119,#3120);
#3119 = CARTESIAN_POINT('',(1.016E+03,508.,7.9248E+03));
#3120 = VECTOR('',#3121,1.);
#3121 = DIRECTION('',(0.,0.,1.));
#3122 = ORIENTED_EDGE('',*,*,#3123,.T.);
#3123 = EDGE_CURVE('',#3114,#3124,#3126,.T.);
#3124 = VERTEX_POINT('',#3125);
#3125 = CARTESIAN_POINT('',(1.016E+03,546.1,7.9248E+03));
#3126 = LINE('',#3127,#3128);
#3127 = CARTESIAN_POINT('',(1.016E+03,508.,7.9248E+03));
#3128 = VECTOR('',#3129,1.);
#3129 = DIRECTION('',(0.,1.,0.));
#3130 = ORIENTED_EDGE('',*,*,#3131,.T.);
#3131 = EDGE_CURVE('',#3124,#3132,#3134,.T.);
#3132 = VERTEX_POINT('',#3133);
#3133 = CARTESIAN_POINT('',(1.016E+03,546.1,8.0264E+03));
#3134 = LINE('',#3135,#3136);
#3135 = CARTESIAN_POINT('',(1.016E+03,546.1,7.9248E+03));
#3136 = VECTOR('',#3137,1.);
#3137 = DIRECTION('',(0.,0.,1.));
#3138 = ORIENTED_EDGE('',*,*,#3139,.F.);
#3139 = EDGE_CURVE('',#3116,#3132,#3140,.T.);
#3140 = LINE('',#3141,#3142);
#3141 = CARTESIAN_POINT('',(1.016E+03,508.,8.0264E+03));
#3142 = VECTOR('',#3143,1.);
#3143 = DIRECTION('',(0.,1.,0.));
#3144 = PLANE('',#3145);
#3145 = AXIS2_PLACEMENT_3D('',#3146,#3147,#3148);
#3146 = CARTESIAN_POINT('',(1.016E+03,508.,7.9248E+03));
#3147 = DIRECTION('',(1.,0.,0.));
#3148 = DIRECTION('',(0.,0.,1.));
#3149 = ADVANCED_FACE('',(#3150),#3184,.T.);
#3150 = FACE_BOUND('',#3151,.T.);
#3151 = EDGE_LOOP('',(#3152,#3162,#3170,#3178));
#3152 = ORIENTED_EDGE('',*,*,#3153,.F.);
#3153 = EDGE_CURVE('',#3154,#3156,#3158,.T.);
#3154 = VERTEX_POINT('',#3155);
#3155 = CARTESIAN_POINT('',(1.0541E+03,508.,7.9248E+03));
#3156 = VERTEX_POINT('',#3157);
#3157 = CARTESIAN_POINT('',(1.0541E+03,508.,8.0264E+03));
#3158 = LINE('',#3159,#3160);
#3159 = CARTESIAN_POINT('',(1.0541E+03,508.,7.9248E+03));
#3160 = VECTOR('',#3161,1.);
#3161 = DIRECTION('',(0.,0.,1.));
#3162 = ORIENTED_EDGE('',*,*,#3163,.T.);
#3163 = EDGE_CURVE('',#3154,#3164,#3166,.T.);
#3164 = VERTEX_POINT('',#3165);
#3165 = CARTESIAN_POINT('',(1.0541E+03,546.1,7.9248E+03));
#3166 = LINE('',#3167,#3168);
#3167 = CARTESIAN_POINT('',(1.0541E+03,508.,7.9248E+03));
#3168 = VECTOR('',#3169,1.);
#3169 = DIRECTION('',(0.,1.,0.));
#3170 = ORIENTED_EDGE('',*,*,#3171,.T.);
#3171 = EDGE_CURVE('',#3164,#3172,#3174,.T.);
#3172 = VERTEX_POINT('',#3173);
#3173 = CARTESIAN_POINT('',(1.0541E+03,546.1,8.0264E+03));
#3174 = LINE('',#3175,#3176);
#3175 = CARTESIAN_POINT('',(1.0541E+03,546.1,7.9248E+03));
#3176 = VECTOR('',#3177,1.);
#3177 = DIRECTION('',(0.,0.,1.));
#3178 = ORIENTED_EDGE('',*,*,#3179,.F.);
#3179 = EDGE_CURVE('',#3156,#3172,#3180,.T.);
#3180 = LINE('',#3181,#3182);
#3181 = CARTESIAN_POINT('',(1.0541E+03,508.,8.0264E+03));
#3182 = VECTOR('',#3183,1.);
#3183 = DIRECTION('',(0.,1.,0.));
#3184 = PLANE('',#3185);
#3185 = AXIS2_PLACEMENT_3D('',#3186,#3187,#3188);
#3186 = CARTESIAN_POINT('',(1.0541E+03,508.,7.9248E+03));
#3187 = DIRECTION('',(1.,0.,0.));
#3188 = DIRECTION('',(0.,0.,1.));
#3189 = ADVANCED_FACE('',(#3190),#3206,.F.);
#3190 = FACE_BOUND('',#3191,.F.);
#3191 = EDGE_LOOP('',(#3192,#3198,#3199,#3205));
#3192 = ORIENTED_EDGE('',*,*,#3193,.F.);
#3193 = EDGE_CURVE('',#3114,#3154,#3194,.T.);
#3194 = LINE('',#3195,#3196);
#3195 = CARTESIAN_POINT('',(1.016E+03,508.,7.9248E+03));
#3196 = VECTOR('',#3197,1.);
#3197 = DIRECTION('',(1.,0.,0.));
#3198 = ORIENTED_EDGE('',*,*,#3113,.T.);
#3199 = ORIENTED_EDGE('',*,*,#3200,.T.);
#3200 = EDGE_CURVE('',#3116,#3156,#3201,.T.);
#3201 = LINE('',#3202,#3203);
#3202 = CARTESIAN_POINT('',(1.016E+03,508.,8.0264E+03));
#3203 = VECTOR('',#3204,1.);
#3204 = DIRECTION('',(1.,0.,0.));
#3205 = ORIENTED_EDGE('',*,*,#3153,.F.);
#3206 = PLANE('',#3207);
#3207 = AXIS2_PLACEMENT_3D('',#3208,#3209,#3210);
#3208 = CARTESIAN_POINT('',(1.016E+03,508.,7.9248E+03));
#3209 = DIRECTION('',(0.,1.,0.));
#3210 = DIRECTION('',(0.,0.,1.));
#3211 = ADVANCED_FACE('',(#3212),#3228,.T.);
#3212 = FACE_BOUND('',#3213,.T.);
#3213 = EDGE_LOOP('',(#3214,#3220,#3221,#3227));
#3214 = ORIENTED_EDGE('',*,*,#3215,.F.);
#3215 = EDGE_CURVE('',#3124,#3164,#3216,.T.);
#3216 = LINE('',#3217,#3218);
#3217 = CARTESIAN_POINT('',(1.016E+03,546.1,7.9248E+03));
#3218 = VECTOR('',#3219,1.);
#3219 = DIRECTION('',(1.,0.,0.));
#3220 = ORIENTED_EDGE('',*,*,#3131,.T.);
#3221 = ORIENTED_EDGE('',*,*,#3222,.T.);
#3222 = EDGE_CURVE('',#3132,#3172,#3223,.T.);
#3223 = LINE('',#3224,#3225);
#3224 = CARTESIAN_POINT('',(1.016E+03,546.1,8.0264E+03));
#3225 = VECTOR('',#3226,1.);
#3226 = DIRECTION('',(1.,0.,0.));
#3227 = ORIENTED_EDGE('',*,*,#3171,.F.);
#3228 = PLANE('',#3229);
#3229 = AXIS2_PLACEMENT_3D('',#3230,#3231,#3232);
#3230 = CARTESIAN_POINT('',(1.016E+03,546.1,7.9248E+03));
#3231 = DIRECTION('',(0.,1.,0.));
#3232 = DIRECTION('',(0.,0.,1.));
#3233 = ADVANCED_FACE('',(#3234),#3240,.F.);
#3234 = FACE_BOUND('',#3235,.F.);
#3235 = EDGE_LOOP('',(#3236,#3237,#3238,#3239));
#3236 = ORIENTED_EDGE('',*,*,#3123,.F.);
#3237 = ORIENTED_EDGE('',*,*,#3193,.T.);
#3238 = ORIENTED_EDGE('',*,*,#3163,.T.);
#3239 = ORIENTED_EDGE('',*,*,#3215,.F.);
#3240 = PLANE('',#3241);
#3241 = AXIS2_PLACEMENT_3D('',#3242,#3243,#3244);
#3242 = CARTESIAN_POINT('',(1.016E+03,508.,7.9248E+03));
#3243 = DIRECTION('',(0.,0.,1.));
#3244 = DIRECTION('',(1.,0.,0.));
#3245 = ADVANCED_FACE('',(#3246),#3252,.T.);
#3246 = FACE_BOUND('',#3247,.T.);
#3247 = EDGE_LOOP('',(#3248,#3249,#3250,#3251));
#3248 = ORIENTED_EDGE('',*,*,#3139,.F.);
#3249 = ORIENTED_EDGE('',*,*,#3200,.T.);
#3250 = ORIENTED_EDGE('',*,*,#3179,.T.);
#3251 = ORIENTED_EDGE('',*,*,#3222,.F.);
#3252 = PLANE('',#3253);
#3253 = AXIS2_PLACEMENT_3D('',#3254,#3255,#3256);
#3254 = CARTESIAN_POINT('',(1.016E+03,508.,8.0264E+03));
#3255 = DIRECTION('',(0.,0.,1.));
#3256 = DIRECTION('',(1.,0.,0.));
#3257 = MANIFOLD_SOLID_BREP('',#3258);
#3258 = CLOSED_SHELL('',(#3259,#3299,#3339,#3361,#3383,#3395));
#3259 = ADVANCED_FACE('',(#3260),#3294,.F.);
#3260 = FACE_BOUND('',#3261,.F.);
#3261 = EDGE_LOOP('',(#3262,#3272,#3280,#3288));
#3262 = ORIENTED_EDGE('',*,*,#3263,.F.);
#3263 = EDGE_CURVE('',#3264,#3266,#3268,.T.);
#3264 = VERTEX_POINT('',#3265);
#3265 = CARTESIAN_POINT('',(1.25222E+03,203.2,8.0264E+03));
#3266 = VERTEX_POINT('',#3267);
#3267 = CARTESIAN_POINT('',(1.25222E+03,203.2,8.0772E+03));
#3268 = LINE('',#3269,#3270);
#3269 = CARTESIAN_POINT('',(1.25222E+03,203.2,8.0264E+03));
#3270 = VECTOR('',#3271,1.);
#3271 = DIRECTION('',(0.,0.,1.));
#3272 = ORIENTED_EDGE('',*,*,#3273,.T.);
#3273 = EDGE_CURVE('',#3264,#3274,#3276,.T.);
#3274 = VERTEX_POINT('',#3275);
#3275 = CARTESIAN_POINT('',(1.25222E+03,584.2,8.0264E+03));
#3276 = LINE('',#3277,#3278);
#3277 = CARTESIAN_POINT('',(1.25222E+03,203.2,8.0264E+03));
#3278 = VECTOR('',#3279,1.);
#3279 = DIRECTION('',(0.,1.,0.));
#3280 = ORIENTED_EDGE('',*,*,#3281,.T.);
#3281 = EDGE_CURVE('',#3274,#3282,#3284,.T.);
#3282 = VERTEX_POINT('',#3283);
#3283 = CARTESIAN_POINT('',(1.25222E+03,584.2,8.0772E+03));
#3284 = LINE('',#3285,#3286);
#3285 = CARTESIAN_POINT('',(1.25222E+03,584.2,8.0264E+03));
#3286 = VECTOR('',#3287,1.);
#3287 = DIRECTION('',(0.,0.,1.));
#3288 = ORIENTED_EDGE('',*,*,#3289,.F.);
#3289 = EDGE_CURVE('',#3266,#3282,#3290,.T.);
#3290 = LINE('',#3291,#3292);
#3291 = CARTESIAN_POINT('',(1.25222E+03,203.2,8.0772E+03));
#3292 = VECTOR('',#3293,1.);
#3293 = DIRECTION('',(0.,1.,0.));
#3294 = PLANE('',#3295);
#3295 = AXIS2_PLACEMENT_3D('',#3296,#3297,#3298);
#3296 = CARTESIAN_POINT('',(1.25222E+03,203.2,8.0264E+03));
#3297 = DIRECTION('',(1.,0.,0.));
#3298 = DIRECTION('',(0.,0.,1.));
#3299 = ADVANCED_FACE('',(#3300),#3334,.T.);
#3300 = FACE_BOUND('',#3301,.T.);
#3301 = EDGE_LOOP('',(#3302,#3312,#3320,#3328));
#3302 = ORIENTED_EDGE('',*,*,#3303,.F.);
#3303 = EDGE_CURVE('',#3304,#3306,#3308,.T.);
#3304 = VERTEX_POINT('',#3305);
#3305 = CARTESIAN_POINT('',(1.63322E+03,203.2,8.0264E+03));
#3306 = VERTEX_POINT('',#3307);
#3307 = CARTESIAN_POINT('',(1.63322E+03,203.2,8.0772E+03));
#3308 = LINE('',#3309,#3310);
#3309 = CARTESIAN_POINT('',(1.63322E+03,203.2,8.0264E+03));
#3310 = VECTOR('',#3311,1.);
#3311 = DIRECTION('',(0.,0.,1.));
#3312 = ORIENTED_EDGE('',*,*,#3313,.T.);
#3313 = EDGE_CURVE('',#3304,#3314,#3316,.T.);
#3314 = VERTEX_POINT('',#3315);
#3315 = CARTESIAN_POINT('',(1.63322E+03,584.2,8.0264E+03));
#3316 = LINE('',#3317,#3318);
#3317 = CARTESIAN_POINT('',(1.63322E+03,203.2,8.0264E+03));
#3318 = VECTOR('',#3319,1.);
#3319 = DIRECTION('',(0.,1.,0.));
#3320 = ORIENTED_EDGE('',*,*,#3321,.T.);
#3321 = EDGE_CURVE('',#3314,#3322,#3324,.T.);
#3322 = VERTEX_POINT('',#3323);
#3323 = CARTESIAN_POINT('',(1.63322E+03,584.2,8.0772E+03));
#3324 = LINE('',#3325,#3326);
#3325 = CARTESIAN_POINT('',(1.63322E+03,584.2,8.0264E+03));
#3326 = VECTOR('',#3327,1.);
#3327 = DIRECTION('',(0.,0.,1.));
#3328 = ORIENTED_EDGE('',*,*,#3329,.F.);
#3329 = EDGE_CURVE('',#3306,#3322,#3330,.T.);
#3330 = LINE('',#3331,#3332);
#3331 = CARTESIAN_POINT('',(1.63322E+03,203.2,8.0772E+03));
#3332 = VECTOR('',#3333,1.);
#3333 = DIRECTION('',(0.,1.,0.));
#3334 = PLANE('',#3335);
#3335 = AXIS2_PLACEMENT_3D('',#3336,#3337,#3338);
#3336 = CARTESIAN_POINT('',(1.63322E+03,203.2,8.0264E+03));
#3337 = DIRECTION('',(1.,0.,0.));
#3338 = DIRECTION('',(0.,0.,1.));
#3339 = ADVANCED_FACE('',(#3340),#3356,.F.);
#3340 = FACE_BOUND('',#3341,.F.);
#3341 = EDGE_LOOP('',(#3342,#3348,#3349,#3355));
#3342 = ORIENTED_EDGE('',*,*,#3343,.F.);
#3343 = EDGE_CURVE('',#3264,#3304,#3344,.T.);
#3344 = LINE('',#3345,#3346);
#3345 = CARTESIAN_POINT('',(1.25222E+03,203.2,8.0264E+03));
#3346 = VECTOR('',#3347,1.);
#3347 = DIRECTION('',(1.,0.,0.));
#3348 = ORIENTED_EDGE('',*,*,#3263,.T.);
#3349 = ORIENTED_EDGE('',*,*,#3350,.T.);
#3350 = EDGE_CURVE('',#3266,#3306,#3351,.T.);
#3351 = LINE('',#3352,#3353);
#3352 = CARTESIAN_POINT('',(1.25222E+03,203.2,8.0772E+03));
#3353 = VECTOR('',#3354,1.);
#3354 = DIRECTION('',(1.,0.,0.));
#3355 = ORIENTED_EDGE('',*,*,#3303,.F.);
#3356 = PLANE('',#3357);
#3357 = AXIS2_PLACEMENT_3D('',#3358,#3359,#3360);
#3358 = CARTESIAN_POINT('',(1.25222E+03,203.2,8.0264E+03));
#3359 = DIRECTION('',(0.,1.,0.));
#3360 = DIRECTION('',(0.,0.,1.));
#3361 = ADVANCED_FACE('',(#3362),#3378,.T.);
#3362 = FACE_BOUND('',#3363,.T.);
#3363 = EDGE_LOOP('',(#3364,#3370,#3371,#3377));
#3364 = ORIENTED_EDGE('',*,*,#3365,.F.);
#3365 = EDGE_CURVE('',#3274,#3314,#3366,.T.);
#3366 = LINE('',#3367,#3368);
#3367 = CARTESIAN_POINT('',(1.25222E+03,584.2,8.0264E+03));
#3368 = VECTOR('',#3369,1.);
#3369 = DIRECTION('',(1.,0.,0.));
#3370 = ORIENTED_EDGE('',*,*,#3281,.T.);
#3371 = ORIENTED_EDGE('',*,*,#3372,.T.);
#3372 = EDGE_CURVE('',#3282,#3322,#3373,.T.);
#3373 = LINE('',#3374,#3375);
#3374 = CARTESIAN_POINT('',(1.25222E+03,584.2,8.0772E+03));
#3375 = VECTOR('',#3376,1.);
#3376 = DIRECTION('',(1.,0.,0.));
#3377 = ORIENTED_EDGE('',*,*,#3321,.F.);
#3378 = PLANE('',#3379);
#3379 = AXIS2_PLACEMENT_3D('',#3380,#3381,#3382);
#3380 = CARTESIAN_POINT('',(1.25222E+03,584.2,8.0264E+03));
#3381 = DIRECTION('',(0.,1.,0.));
#3382 = DIRECTION('',(0.,0.,1.));
#3383 = ADVANCED_FACE('',(#3384),#3390,.F.);
#3384 = FACE_BOUND('',#3385,.F.);
#3385 = EDGE_LOOP('',(#3386,#3387,#3388,#3389));
#3386 = ORIENTED_EDGE('',*,*,#3273,.F.);
#3387 = ORIENTED_EDGE('',*,*,#3343,.T.);
#3388 = ORIENTED_EDGE('',*,*,#3313,.T.);
#3389 = ORIENTED_EDGE('',*,*,#3365,.F.);
#3390 = PLANE('',#3391);
#3391 = AXIS2_PLACEMENT_3D('',#3392,#3393,#3394);
#3392 = CARTESIAN_POINT('',(1.25222E+03,203.2,8.0264E+03));
#3393 = DIRECTION('',(0.,0.,1.));
#3394 = DIRECTION('',(1.,0.,0.));
#3395 = ADVANCED_FACE('',(#3396),#3402,.T.);
#3396 = FACE_BOUND('',#3397,.T.);
#3397 = EDGE_LOOP('',(#3398,#3399,#3400,#3401));
#3398 = ORIENTED_EDGE('',*,*,#3289,.F.);
#3399 = ORIENTED_EDGE('',*,*,#3350,.T.);
#3400 = ORIENTED_EDGE('',*,*,#3329,.T.);
#3401 = ORIENTED_EDGE('',*,*,#3372,.F.);
#3402 = PLANE('',#3403);
#3403 = AXIS2_PLACEMENT_3D('',#3404,#3405,#3406);
#3404 = CARTESIAN_POINT('',(1.25222E+03,203.2,8.0772E+03));
#3405 = DIRECTION('',(0.,0.,1.));
#3406 = DIRECTION('',(1.,0.,0.));
#3407 = MANIFOLD_SOLID_BREP('',#3408);
#3408 = CLOSED_SHELL('',(#3409,#3449,#3489,#3511,#3533,#3545));
#3409 = ADVANCED_FACE('',(#3410),#3444,.F.);
#3410 = FACE_BOUND('',#3411,.F.);
#3411 = EDGE_LOOP('',(#3412,#3422,#3430,#3438));
#3412 = ORIENTED_EDGE('',*,*,#3413,.F.);
#3413 = EDGE_CURVE('',#3414,#3416,#3418,.T.);
#3414 = VERTEX_POINT('',#3415);
#3415 = CARTESIAN_POINT('',(1.29032E+03,241.3,7.9248E+03));
#3416 = VERTEX_POINT('',#3417);
#3417 = CARTESIAN_POINT('',(1.29032E+03,241.3,8.0264E+03));
#3418 = LINE('',#3419,#3420);
#3419 = CARTESIAN_POINT('',(1.29032E+03,241.3,7.9248E+03));
#3420 = VECTOR('',#3421,1.);
#3421 = DIRECTION('',(0.,0.,1.));
#3422 = ORIENTED_EDGE('',*,*,#3423,.T.);
#3423 = EDGE_CURVE('',#3414,#3424,#3426,.T.);
#3424 = VERTEX_POINT('',#3425);
#3425 = CARTESIAN_POINT('',(1.29032E+03,279.4,7.9248E+03));
#3426 = LINE('',#3427,#3428);
#3427 = CARTESIAN_POINT('',(1.29032E+03,241.3,7.9248E+03));
#3428 = VECTOR('',#3429,1.);
#3429 = DIRECTION('',(0.,1.,0.));
#3430 = ORIENTED_EDGE('',*,*,#3431,.T.);
#3431 = EDGE_CURVE('',#3424,#3432,#3434,.T.);
#3432 = VERTEX_POINT('',#3433);
#3433 = CARTESIAN_POINT('',(1.29032E+03,279.4,8.0264E+03));
#3434 = LINE('',#3435,#3436);
#3435 = CARTESIAN_POINT('',(1.29032E+03,279.4,7.9248E+03));
#3436 = VECTOR('',#3437,1.);
#3437 = DIRECTION('',(0.,0.,1.));
#3438 = ORIENTED_EDGE('',*,*,#3439,.F.);
#3439 = EDGE_CURVE('',#3416,#3432,#3440,.T.);
#3440 = LINE('',#3441,#3442);
#3441 = CARTESIAN_POINT('',(1.29032E+03,241.3,8.0264E+03));
#3442 = VECTOR('',#3443,1.);
#3443 = DIRECTION('',(0.,1.,0.));
#3444 = PLANE('',#3445);
#3445 = AXIS2_PLACEMENT_3D('',#3446,#3447,#3448);
#3446 = CARTESIAN_POINT('',(1.29032E+03,241.3,7.9248E+03));
#3447 = DIRECTION('',(1.,0.,0.));
#3448 = DIRECTION('',(0.,0.,1.));
#3449 = ADVANCED_FACE('',(#3450),#3484,.T.);
#3450 = FACE_BOUND('',#3451,.T.);
#3451 = EDGE_LOOP('',(#3452,#3462,#3470,#3478));
#3452 = ORIENTED_EDGE('',*,*,#3453,.F.);
#3453 = EDGE_CURVE('',#3454,#3456,#3458,.T.);
#3454 = VERTEX_POINT('',#3455);
#3455 = CARTESIAN_POINT('',(1.32842E+03,241.3,7.9248E+03));
#3456 = VERTEX_POINT('',#3457);
#3457 = CARTESIAN_POINT('',(1.32842E+03,241.3,8.0264E+03));
#3458 = LINE('',#3459,#3460);
#3459 = CARTESIAN_POINT('',(1.32842E+03,241.3,7.9248E+03));
#3460 = VECTOR('',#3461,1.);
#3461 = DIRECTION('',(0.,0.,1.));
#3462 = ORIENTED_EDGE('',*,*,#3463,.T.);
#3463 = EDGE_CURVE('',#3454,#3464,#3466,.T.);
#3464 = VERTEX_POINT('',#3465);
#3465 = CARTESIAN_POINT('',(1.32842E+03,279.4,7.9248E+03));
#3466 = LINE('',#3467,#3468);
#3467 = CARTESIAN_POINT('',(1.32842E+03,241.3,7.9248E+03));
#3468 = VECTOR('',#3469,1.);
#3469 = DIRECTION('',(0.,1.,0.));
#3470 = ORIENTED_EDGE('',*,*,#3471,.T.);
#3471 = EDGE_CURVE('',#3464,#3472,#3474,.T.);
#3472 = VERTEX_POINT('',#3473);
#3473 = CARTESIAN_POINT('',(1.32842E+03,279.4,8.0264E+03));
#3474 = LINE('',#3475,#3476);
#3475 = CARTESIAN_POINT('',(1.32842E+03,279.4,7.9248E+03));
#3476 = VECTOR('',#3477,1.);
#3477 = DIRECTION('',(0.,0.,1.));
#3478 = ORIENTED_EDGE('',*,*,#3479,.F.);
#3479 = EDGE_CURVE('',#3456,#3472,#3480,.T.);
#3480 = LINE('',#3481,#3482);
#3481 = CARTESIAN_POINT('',(1.32842E+03,241.3,8.0264E+03));
#3482 = VECTOR('',#3483,1.);
#3483 = DIRECTION('',(0.,1.,0.));
#3484 = PLANE('',#3485);
#3485 = AXIS2_PLACEMENT_3D('',#3486,#3487,#3488);
#3486 = CARTESIAN_POINT('',(1.32842E+03,241.3,7.9248E+03));
#3487 = DIRECTION('',(1.,0.,0.));
#3488 = DIRECTION('',(0.,0.,1.));
#3489 = ADVANCED_FACE('',(#3490),#3506,.F.);
#3490 = FACE_BOUND('',#3491,.F.);
#3491 = EDGE_LOOP('',(#3492,#3498,#3499,#3505));
#3492 = ORIENTED_EDGE('',*,*,#3493,.F.);
#3493 = EDGE_CURVE('',#3414,#3454,#3494,.T.);
#3494 = LINE('',#3495,#3496);
#3495 = CARTESIAN_POINT('',(1.29032E+03,241.3,7.9248E+03));
#3496 = VECTOR('',#3497,1.);
#3497 = DIRECTION('',(1.,0.,0.));
#3498 = ORIENTED_EDGE('',*,*,#3413,.T.);
#3499 = ORIENTED_EDGE('',*,*,#3500,.T.);
#3500 = EDGE_CURVE('',#3416,#3456,#3501,.T.);
#3501 = LINE('',#3502,#3503);
#3502 = CARTESIAN_POINT('',(1.29032E+03,241.3,8.0264E+03));
#3503 = VECTOR('',#3504,1.);
#3504 = DIRECTION('',(1.,0.,0.));
#3505 = ORIENTED_EDGE('',*,*,#3453,.F.);
#3506 = PLANE('',#3507);
#3507 = AXIS2_PLACEMENT_3D('',#3508,#3509,#3510);
#3508 = CARTESIAN_POINT('',(1.29032E+03,241.3,7.9248E+03));
#3509 = DIRECTION('',(0.,1.,0.));
#3510 = DIRECTION('',(0.,0.,1.));
#3511 = ADVANCED_FACE('',(#3512),#3528,.T.);
#3512 = FACE_BOUND('',#3513,.T.);
#3513 = EDGE_LOOP('',(#3514,#3520,#3521,#3527));
#3514 = ORIENTED_EDGE('',*,*,#3515,.F.);
#3515 = EDGE_CURVE('',#3424,#3464,#3516,.T.);
#3516 = LINE('',#3517,#3518);
#3517 = CARTESIAN_POINT('',(1.29032E+03,279.4,7.9248E+03));
#3518 = VECTOR('',#3519,1.);
#3519 = DIRECTION('',(1.,0.,0.));
#3520 = ORIENTED_EDGE('',*,*,#3431,.T.);
#3521 = ORIENTED_EDGE('',*,*,#3522,.T.);
#3522 = EDGE_CURVE('',#3432,#3472,#3523,.T.);
#3523 = LINE('',#3524,#3525);
#3524 = CARTESIAN_POINT('',(1.29032E+03,279.4,8.0264E+03));
#3525 = VECTOR('',#3526,1.);
#3526 = DIRECTION('',(1.,0.,0.));
#3527 = ORIENTED_EDGE('',*,*,#3471,.F.);
#3528 = PLANE('',#3529);
#3529 = AXIS2_PLACEMENT_3D('',#3530,#3531,#3532);
#3530 = CARTESIAN_POINT('',(1.29032E+03,279.4,7.9248E+03));
#3531 = DIRECTION('',(0.,1.,0.));
#3532 = DIRECTION('',(0.,0.,1.));
#3533 = ADVANCED_FACE('',(#3534),#3540,.F.);
#3534 = FACE_BOUND('',#3535,.F.);
#3535 = EDGE_LOOP('',(#3536,#3537,#3538,#3539));
#3536 = ORIENTED_EDGE('',*,*,#3423,.F.);
#3537 = ORIENTED_EDGE('',*,*,#3493,.T.);
#3538 = ORIENTED_EDGE('',*,*,#3463,.T.);
#3539 = ORIENTED_EDGE('',*,*,#3515,.F.);
#3540 = PLANE('',#3541);
#3541 = AXIS2_PLACEMENT_3D('',#3542,#3543,#3544);
#3542 = CARTESIAN_POINT('',(1.29032E+03,241.3,7.9248E+03));
#3543 = DIRECTION('',(0.,0.,1.));
#3544 = DIRECTION('',(1.,0.,0.));
#3545 = ADVANCED_FACE('',(#3546),#3552,.T.);
#3546 = FACE_BOUND('',#3547,.T.);
#3547 = EDGE_LOOP('',(#3548,#3549,#3550,#3551));
#3548 = ORIENTED_EDGE('',*,*,#3439,.F.);
#3549 = ORIENTED_EDGE('',*,*,#3500,.T.);
#3550 = ORIENTED_EDGE('',*,*,#3479,.T.);
#3551 = ORIENTED_EDGE('',*,*,#3522,.F.);
#3552 = PLANE('',#3553);
#3553 = AXIS2_PLACEMENT_3D('',#3554,#3555,#3556);
#3554 = CARTESIAN_POINT('',(1.29032E+03,241.3,8.0264E+03));
#3555 = DIRECTION('',(0.,0.,1.));
#3556 = DIRECTION('',(1.,0.,0.));
#3557 = MANIFOLD_SOLID_BREP('',#3558);
#3558 = CLOSED_SHELL('',(#3559,#3599,#3639,#3661,#3683,#3695));
#3559 = ADVANCED_FACE('',(#3560),#3594,.F.);
#3560 = FACE_BOUND('',#3561,.F.);
#3561 = EDGE_LOOP('',(#3562,#3572,#3580,#3588));
#3562 = ORIENTED_EDGE('',*,*,#3563,.F.);
#3563 = EDGE_CURVE('',#3564,#3566,#3568,.T.);
#3564 = VERTEX_POINT('',#3565);
#3565 = CARTESIAN_POINT('',(1.55702E+03,241.3,7.9248E+03));
#3566 = VERTEX_POINT('',#3567);
#3567 = CARTESIAN_POINT('',(1.55702E+03,241.3,8.0264E+03));
#3568 = LINE('',#3569,#3570);
#3569 = CARTESIAN_POINT('',(1.55702E+03,241.3,7.9248E+03));
#3570 = VECTOR('',#3571,1.);
#3571 = DIRECTION('',(0.,0.,1.));
#3572 = ORIENTED_EDGE('',*,*,#3573,.T.);
#3573 = EDGE_CURVE('',#3564,#3574,#3576,.T.);
#3574 = VERTEX_POINT('',#3575);
#3575 = CARTESIAN_POINT('',(1.55702E+03,279.4,7.9248E+03));
#3576 = LINE('',#3577,#3578);
#3577 = CARTESIAN_POINT('',(1.55702E+03,241.3,7.9248E+03));
#3578 = VECTOR('',#3579,1.);
#3579 = DIRECTION('',(0.,1.,0.));
#3580 = ORIENTED_EDGE('',*,*,#3581,.T.);
#3581 = EDGE_CURVE('',#3574,#3582,#3584,.T.);
#3582 = VERTEX_POINT('',#3583);
#3583 = CARTESIAN_POINT('',(1.55702E+03,279.4,8.0264E+03));
#3584 = LINE('',#3585,#3586);
#3585 = CARTESIAN_POINT('',(1.55702E+03,279.4,7.9248E+03));
#3586 = VECTOR('',#3587,1.);
#3587 = DIRECTION('',(0.,0.,1.));
#3588 = ORIENTED_EDGE('',*,*,#3589,.F.);
#3589 = EDGE_CURVE('',#3566,#3582,#3590,.T.);
#3590 = LINE('',#3591,#3592);
#3591 = CARTESIAN_POINT('',(1.55702E+03,241.3,8.0264E+03));
#3592 = VECTOR('',#3593,1.);
#3593 = DIRECTION('',(0.,1.,0.));
#3594 = PLANE('',#3595);
#3595 = AXIS2_PLACEMENT_3D('',#3596,#3597,#3598);
#3596 = CARTESIAN_POINT('',(1.55702E+03,241.3,7.9248E+03));
#3597 = DIRECTION('',(1.,0.,0.));
#3598 = DIRECTION('',(0.,0.,1.));
#3599 = ADVANCED_FACE('',(#3600),#3634,.T.);
#3600 = FACE_BOUND('',#3601,.T.);
#3601 = EDGE_LOOP('',(#3602,#3612,#3620,#3628));
#3602 = ORIENTED_EDGE('',*,*,#3603,.F.);
#3603 = EDGE_CURVE('',#3604,#3606,#3608,.T.);
#3604 = VERTEX_POINT('',#3605);
#3605 = CARTESIAN_POINT('',(1.59512E+03,241.3,7.9248E+03));
#3606 = VERTEX_POINT('',#3607);
#3607 = CARTESIAN_POINT('',(1.59512E+03,241.3,8.0264E+03));
#3608 = LINE('',#3609,#3610);
#3609 = CARTESIAN_POINT('',(1.59512E+03,241.3,7.9248E+03));
#3610 = VECTOR('',#3611,1.);
#3611 = DIRECTION('',(0.,0.,1.));
#3612 = ORIENTED_EDGE('',*,*,#3613,.T.);
#3613 = EDGE_CURVE('',#3604,#3614,#3616,.T.);
#3614 = VERTEX_POINT('',#3615);
#3615 = CARTESIAN_POINT('',(1.59512E+03,279.4,7.9248E+03));
#3616 = LINE('',#3617,#3618);
#3617 = CARTESIAN_POINT('',(1.59512E+03,241.3,7.9248E+03));
#3618 = VECTOR('',#3619,1.);
#3619 = DIRECTION('',(0.,1.,0.));
#3620 = ORIENTED_EDGE('',*,*,#3621,.T.);
#3621 = EDGE_CURVE('',#3614,#3622,#3624,.T.);
#3622 = VERTEX_POINT('',#3623);
#3623 = CARTESIAN_POINT('',(1.59512E+03,279.4,8.0264E+03));
#3624 = LINE('',#3625,#3626);
#3625 = CARTESIAN_POINT('',(1.59512E+03,279.4,7.9248E+03));
#3626 = VECTOR('',#3627,1.);
#3627 = DIRECTION('',(0.,0.,1.));
#3628 = ORIENTED_EDGE('',*,*,#3629,.F.);
#3629 = EDGE_CURVE('',#3606,#3622,#3630,.T.);
#3630 = LINE('',#3631,#3632);
#3631 = CARTESIAN_POINT('',(1.59512E+03,241.3,8.0264E+03));
#3632 = VECTOR('',#3633,1.);
#3633 = DIRECTION('',(0.,1.,0.));
#3634 = PLANE('',#3635);
#3635 = AXIS2_PLACEMENT_3D('',#3636,#3637,#3638);
#3636 = CARTESIAN_POINT('',(1.59512E+03,241.3,7.9248E+03));
#3637 = DIRECTION('',(1.,0.,0.));
#3638 = DIRECTION('',(0.,0.,1.));
#3639 = ADVANCED_FACE('',(#3640),#3656,.F.);
#3640 = FACE_BOUND('',#3641,.F.);
#3641 = EDGE_LOOP('',(#3642,#3648,#3649,#3655));
#3642 = ORIENTED_EDGE('',*,*,#3643,.F.);
#3643 = EDGE_CURVE('',#3564,#3604,#3644,.T.);
#3644 = LINE('',#3645,#3646);
#3645 = CARTESIAN_POINT('',(1.55702E+03,241.3,7.9248E+03));
#3646 = VECTOR('',#3647,1.);
#3647 = DIRECTION('',(1.,0.,0.));
#3648 = ORIENTED_EDGE('',*,*,#3563,.T.);
#3649 = ORIENTED_EDGE('',*,*,#3650,.T.);
#3650 = EDGE_CURVE('',#3566,#3606,#3651,.T.);
#3651 = LINE('',#3652,#3653);
#3652 = CARTESIAN_POINT('',(1.55702E+03,241.3,8.0264E+03));
#3653 = VECTOR('',#3654,1.);
#3654 = DIRECTION('',(1.,0.,0.));
#3655 = ORIENTED_EDGE('',*,*,#3603,.F.);
#3656 = PLANE('',#3657);
#3657 = AXIS2_PLACEMENT_3D('',#3658,#3659,#3660);
#3658 = CARTESIAN_POINT('',(1.55702E+03,241.3,7.9248E+03));
#3659 = DIRECTION('',(0.,1.,0.));
#3660 = DIRECTION('',(0.,0.,1.));
#3661 = ADVANCED_FACE('',(#3662),#3678,.T.);
#3662 = FACE_BOUND('',#3663,.T.);
#3663 = EDGE_LOOP('',(#3664,#3670,#3671,#3677));
#3664 = ORIENTED_EDGE('',*,*,#3665,.F.);
#3665 = EDGE_CURVE('',#3574,#3614,#3666,.T.);
#3666 = LINE('',#3667,#3668);
#3667 = CARTESIAN_POINT('',(1.55702E+03,279.4,7.9248E+03));
#3668 = VECTOR('',#3669,1.);
#3669 = DIRECTION('',(1.,0.,0.));
#3670 = ORIENTED_EDGE('',*,*,#3581,.T.);
#3671 = ORIENTED_EDGE('',*,*,#3672,.T.);
#3672 = EDGE_CURVE('',#3582,#3622,#3673,.T.);
#3673 = LINE('',#3674,#3675);
#3674 = CARTESIAN_POINT('',(1.55702E+03,279.4,8.0264E+03));
#3675 = VECTOR('',#3676,1.);
#3676 = DIRECTION('',(1.,0.,0.));
#3677 = ORIENTED_EDGE('',*,*,#3621,.F.);
#3678 = PLANE('',#3679);
#3679 = AXIS2_PLACEMENT_3D('',#3680,#3681,#3682);
#3680 = CARTESIAN_POINT('',(1.55702E+03,279.4,7.9248E+03));
#3681 = DIRECTION('',(0.,1.,0.));
#3682 = DIRECTION('',(0.,0.,1.));
#3683 = ADVANCED_FACE('',(#3684),#3690,.F.);
#3684 = FACE_BOUND('',#3685,.F.);
#3685 = EDGE_LOOP('',(#3686,#3687,#3688,#3689));
#3686 = ORIENTED_EDGE('',*,*,#3573,.F.);
#3687 = ORIENTED_EDGE('',*,*,#3643,.T.);
#3688 = ORIENTED_EDGE('',*,*,#3613,.T.);
#3689 = ORIENTED_EDGE('',*,*,#3665,.F.);
#3690 = PLANE('',#3691);
#3691 = AXIS2_PLACEMENT_3D('',#3692,#3693,#3694);
#3692 = CARTESIAN_POINT('',(1.55702E+03,241.3,7.9248E+03));
#3693 = DIRECTION('',(0.,0.,1.));
#3694 = DIRECTION('',(1.,0.,0.));
#3695 = ADVANCED_FACE('',(#3696),#3702,.T.);
#3696 = FACE_BOUND('',#3697,.T.);
#3697 = EDGE_LOOP('',(#3698,#3699,#3700,#3701));
#3698 = ORIENTED_EDGE('',*,*,#3589,.F.);
#3699 = ORIENTED_EDGE('',*,*,#3650,.T.);
#3700 = ORIENTED_EDGE('',*,*,#3629,.T.);
#3701 = ORIENTED_EDGE('',*,*,#3672,.F.);
#3702 = PLANE('',#3703);
#3703 = AXIS2_PLACEMENT_3D('',#3704,#3705,#3706);
#3704 = CARTESIAN_POINT('',(1.55702E+03,241.3,8.0264E+03));
#3705 = DIRECTION('',(0.,0.,1.));
#3706 = DIRECTION('',(1.,0.,0.));
#3707 = MANIFOLD_SOLID_BREP('',#3708);
#3708 = CLOSED_SHELL('',(#3709,#3749,#3789,#3811,#3833,#3845));
#3709 = ADVANCED_FACE('',(#3710),#3744,.F.);
#3710 = FACE_BOUND('',#3711,.F.);
#3711 = EDGE_LOOP('',(#3712,#3722,#3730,#3738));
#3712 = ORIENTED_EDGE('',*,*,#3713,.F.);
#3713 = EDGE_CURVE('',#3714,#3716,#3718,.T.);
#3714 = VERTEX_POINT('',#3715);
#3715 = CARTESIAN_POINT('',(1.29032E+03,508.,7.9248E+03));
#3716 = VERTEX_POINT('',#3717);
#3717 = CARTESIAN_POINT('',(1.29032E+03,508.,8.0264E+03));
#3718 = LINE('',#3719,#3720);
#3719 = CARTESIAN_POINT('',(1.29032E+03,508.,7.9248E+03));
#3720 = VECTOR('',#3721,1.);
#3721 = DIRECTION('',(0.,0.,1.));
#3722 = ORIENTED_EDGE('',*,*,#3723,.T.);
#3723 = EDGE_CURVE('',#3714,#3724,#3726,.T.);
#3724 = VERTEX_POINT('',#3725);
#3725 = CARTESIAN_POINT('',(1.29032E+03,546.1,7.9248E+03));
#3726 = LINE('',#3727,#3728);
#3727 = CARTESIAN_POINT('',(1.29032E+03,508.,7.9248E+03));
#3728 = VECTOR('',#3729,1.);
#3729 = DIRECTION('',(0.,1.,0.));
#3730 = ORIENTED_EDGE('',*,*,#3731,.T.);
#3731 = EDGE_CURVE('',#3724,#3732,#3734,.T.);
#3732 = VERTEX_POINT('',#3733);
#3733 = CARTESIAN_POINT('',(1.29032E+03,546.1,8.0264E+03));
#3734 = LINE('',#3735,#3736);
#3735 = CARTESIAN_POINT('',(1.29032E+03,546.1,7.9248E+03));
#3736 = VECTOR('',#3737,1.);
#3737 = DIRECTION('',(0.,0.,1.));
#3738 = ORIENTED_EDGE('',*,*,#3739,.F.);
#3739 = EDGE_CURVE('',#3716,#3732,#3740,.T.);
#3740 = LINE('',#3741,#3742);
#3741 = CARTESIAN_POINT('',(1.29032E+03,508.,8.0264E+03));
#3742 = VECTOR('',#3743,1.);
#3743 = DIRECTION('',(0.,1.,0.));
#3744 = PLANE('',#3745);
#3745 = AXIS2_PLACEMENT_3D('',#3746,#3747,#3748);
#3746 = CARTESIAN_POINT('',(1.29032E+03,508.,7.9248E+03));
#3747 = DIRECTION('',(1.,0.,0.));
#3748 = DIRECTION('',(0.,0.,1.));
#3749 = ADVANCED_FACE('',(#3750),#3784,.T.);
#3750 = FACE_BOUND('',#3751,.T.);
#3751 = EDGE_LOOP('',(#3752,#3762,#3770,#3778));
#3752 = ORIENTED_EDGE('',*,*,#3753,.F.);
#3753 = EDGE_CURVE('',#3754,#3756,#3758,.T.);
#3754 = VERTEX_POINT('',#3755);
#3755 = CARTESIAN_POINT('',(1.32842E+03,508.,7.9248E+03));
#3756 = VERTEX_POINT('',#3757);
#3757 = CARTESIAN_POINT('',(1.32842E+03,508.,8.0264E+03));
#3758 = LINE('',#3759,#3760);
#3759 = CARTESIAN_POINT('',(1.32842E+03,508.,7.9248E+03));
#3760 = VECTOR('',#3761,1.);
#3761 = DIRECTION('',(0.,0.,1.));
#3762 = ORIENTED_EDGE('',*,*,#3763,.T.);
#3763 = EDGE_CURVE('',#3754,#3764,#3766,.T.);
#3764 = VERTEX_POINT('',#3765);
#3765 = CARTESIAN_POINT('',(1.32842E+03,546.1,7.9248E+03));
#3766 = LINE('',#3767,#3768);
#3767 = CARTESIAN_POINT('',(1.32842E+03,508.,7.9248E+03));
#3768 = VECTOR('',#3769,1.);
#3769 = DIRECTION('',(0.,1.,0.));
#3770 = ORIENTED_EDGE('',*,*,#3771,.T.);
#3771 = EDGE_CURVE('',#3764,#3772,#3774,.T.);
#3772 = VERTEX_POINT('',#3773);
#3773 = CARTESIAN_POINT('',(1.32842E+03,546.1,8.0264E+03));
#3774 = LINE('',#3775,#3776);
#3775 = CARTESIAN_POINT('',(1.32842E+03,546.1,7.9248E+03));
#3776 = VECTOR('',#3777,1.);
#3777 = DIRECTION('',(0.,0.,1.));
#3778 = ORIENTED_EDGE('',*,*,#3779,.F.);
#3779 = EDGE_CURVE('',#3756,#3772,#3780,.T.);
#3780 = LINE('',#3781,#3782);
#3781 = CARTESIAN_POINT('',(1.32842E+03,508.,8.0264E+03));
#3782 = VECTOR('',#3783,1.);
#3783 = DIRECTION('',(0.,1.,0.));
#3784 = PLANE('',#3785);
#3785 = AXIS2_PLACEMENT_3D('',#3786,#3787,#3788);
#3786 = CARTESIAN_POINT('',(1.32842E+03,508.,7.9248E+03));
#3787 = DIRECTION('',(1.,0.,0.));
#3788 = DIRECTION('',(0.,0.,1.));
#3789 = ADVANCED_FACE('',(#3790),#3806,.F.);
#3790 = FACE_BOUND('',#3791,.F.);
#3791 = EDGE_LOOP('',(#3792,#3798,#3799,#3805));
#3792 = ORIENTED_EDGE('',*,*,#3793,.F.);
#3793 = EDGE_CURVE('',#3714,#3754,#3794,.T.);
#3794 = LINE('',#3795,#3796);
#3795 = CARTESIAN_POINT('',(1.29032E+03,508.,7.9248E+03));
#3796 = VECTOR('',#3797,1.);
#3797 = DIRECTION('',(1.,0.,0.));
#3798 = ORIENTED_EDGE('',*,*,#3713,.T.);
#3799 = ORIENTED_EDGE('',*,*,#3800,.T.);
#3800 = EDGE_CURVE('',#3716,#3756,#3801,.T.);
#3801 = LINE('',#3802,#3803);
#3802 = CARTESIAN_POINT('',(1.29032E+03,508.,8.0264E+03));
#3803 = VECTOR('',#3804,1.);
#3804 = DIRECTION('',(1.,0.,0.));
#3805 = ORIENTED_EDGE('',*,*,#3753,.F.);
#3806 = PLANE('',#3807);
#3807 = AXIS2_PLACEMENT_3D('',#3808,#3809,#3810);
#3808 = CARTESIAN_POINT('',(1.29032E+03,508.,7.9248E+03));
#3809 = DIRECTION('',(0.,1.,0.));
#3810 = DIRECTION('',(0.,0.,1.));
#3811 = ADVANCED_FACE('',(#3812),#3828,.T.);
#3812 = FACE_BOUND('',#3813,.T.);
#3813 = EDGE_LOOP('',(#3814,#3820,#3821,#3827));
#3814 = ORIENTED_EDGE('',*,*,#3815,.F.);
#3815 = EDGE_CURVE('',#3724,#3764,#3816,.T.);
#3816 = LINE('',#3817,#3818);
#3817 = CARTESIAN_POINT('',(1.29032E+03,546.1,7.9248E+03));
#3818 = VECTOR('',#3819,1.);
#3819 = DIRECTION('',(1.,0.,0.));
#3820 = ORIENTED_EDGE('',*,*,#3731,.T.);
#3821 = ORIENTED_EDGE('',*,*,#3822,.T.);
#3822 = EDGE_CURVE('',#3732,#3772,#3823,.T.);
#3823 = LINE('',#3824,#3825);
#3824 = CARTESIAN_POINT('',(1.29032E+03,546.1,8.0264E+03));
#3825 = VECTOR('',#3826,1.);
#3826 = DIRECTION('',(1.,0.,0.));
#3827 = ORIENTED_EDGE('',*,*,#3771,.F.);
#3828 = PLANE('',#3829);
#3829 = AXIS2_PLACEMENT_3D('',#3830,#3831,#3832);
#3830 = CARTESIAN_POINT('',(1.29032E+03,546.1,7.9248E+03));
#3831 = DIRECTION('',(0.,1.,0.));
#3832 = DIRECTION('',(0.,0.,1.));
#3833 = ADVANCED_FACE('',(#3834),#3840,.F.);
#3834 = FACE_BOUND('',#3835,.F.);
#3835 = EDGE_LOOP('',(#3836,#3837,#3838,#3839));
#3836 = ORIENTED_EDGE('',*,*,#3723,.F.);
#3837 = ORIENTED_EDGE('',*,*,#3793,.T.);
#3838 = ORIENTED_EDGE('',*,*,#3763,.T.);
#3839 = ORIENTED_EDGE('',*,*,#3815,.F.);
#3840 = PLANE('',#3841);
#3841 = AXIS2_PLACEMENT_3D('',#3842,#3843,#3844);
#3842 = CARTESIAN_POINT('',(1.29032E+03,508.,7.9248E+03));
#3843 = DIRECTION('',(0.,0.,1.));
#3844 = DIRECTION('',(1.,0.,0.));
#3845 = ADVANCED_FACE('',(#3846),#3852,.T.);
#3846 = FACE_BOUND('',#3847,.T.);
#3847 = EDGE_LOOP('',(#3848,#3849,#3850,#3851));
#3848 = ORIENTED_EDGE('',*,*,#3739,.F.);
#3849 = ORIENTED_EDGE('',*,*,#3800,.T.);
#3850 = ORIENTED_EDGE('',*,*,#3779,.T.);
#3851 = ORIENTED_EDGE('',*,*,#3822,.F.);
#3852 = PLANE('',#3853);
#3853 = AXIS2_PLACEMENT_3D('',#3854,#3855,#3856);
#3854 = CARTESIAN_POINT('',(1.29032E+03,508.,8.0264E+03));
#3855 = DIRECTION('',(0.,0.,1.));
#3856 = DIRECTION('',(1.,0.,0.));
#3857 = MANIFOLD_SOLID_BREP('',#3858);
#3858 = CLOSED_SHELL('',(#3859,#3899,#3939,#3961,#3983,#3995));
#3859 = ADVANCED_FACE('',(#3860),#3894,.F.);
#3860 = FACE_BOUND('',#3861,.F.);
#3861 = EDGE_LOOP('',(#3862,#3872,#3880,#3888));
#3862 = ORIENTED_EDGE('',*,*,#3863,.F.);
#3863 = EDGE_CURVE('',#3864,#3866,#3868,.T.);
#3864 = VERTEX_POINT('',#3865);
#3865 = CARTESIAN_POINT('',(1.55702E+03,508.,7.9248E+03));
#3866 = VERTEX_POINT('',#3867);
#3867 = CARTESIAN_POINT('',(1.55702E+03,508.,8.0264E+03));
#3868 = LINE('',#3869,#3870);
#3869 = CARTESIAN_POINT('',(1.55702E+03,508.,7.9248E+03));
#3870 = VECTOR('',#3871,1.);
#3871 = DIRECTION('',(0.,0.,1.));
#3872 = ORIENTED_EDGE('',*,*,#3873,.T.);
#3873 = EDGE_CURVE('',#3864,#3874,#3876,.T.);
#3874 = VERTEX_POINT('',#3875);
#3875 = CARTESIAN_POINT('',(1.55702E+03,546.1,7.9248E+03));
#3876 = LINE('',#3877,#3878);
#3877 = CARTESIAN_POINT('',(1.55702E+03,508.,7.9248E+03));
#3878 = VECTOR('',#3879,1.);
#3879 = DIRECTION('',(0.,1.,0.));
#3880 = ORIENTED_EDGE('',*,*,#3881,.T.);
#3881 = EDGE_CURVE('',#3874,#3882,#3884,.T.);
#3882 = VERTEX_POINT('',#3883);
#3883 = CARTESIAN_POINT('',(1.55702E+03,546.1,8.0264E+03));
#3884 = LINE('',#3885,#3886);
#3885 = CARTESIAN_POINT('',(1.55702E+03,546.1,7.9248E+03));
#3886 = VECTOR('',#3887,1.);
#3887 = DIRECTION('',(0.,0.,1.));
#3888 = ORIENTED_EDGE('',*,*,#3889,.F.);
#3889 = EDGE_CURVE('',#3866,#3882,#3890,.T.);
#3890 = LINE('',#3891,#3892);
#3891 = CARTESIAN_POINT('',(1.55702E+03,508.,8.0264E+03));
#3892 = VECTOR('',#3893,1.);
#3893 = DIRECTION('',(0.,1.,0.));
#3894 = PLANE('',#3895);
#3895 = AXIS2_PLACEMENT_3D('',#3896,#3897,#3898);
#3896 = CARTESIAN_POINT('',(1.55702E+03,508.,7.9248E+03));
#3897 = DIRECTION('',(1.,0.,0.));
#3898 = DIRECTION('',(0.,0.,1.));
#3899 = ADVANCED_FACE('',(#3900),#3934,.T.);
#3900 = FACE_BOUND('',#3901,.T.);
#3901 = EDGE_LOOP('',(#3902,#3912,#3920,#3928));
#3902 = ORIENTED_EDGE('',*,*,#3903,.F.);
#3903 = EDGE_CURVE('',#3904,#3906,#3908,.T.);
#3904 = VERTEX_POINT('',#3905);
#3905 = CARTESIAN_POINT('',(1.59512E+03,508.,7.9248E+03));
#3906 = VERTEX_POINT('',#3907);
#3907 = CARTESIAN_POINT('',(1.59512E+03,508.,8.0264E+03));
#3908 = LINE('',#3909,#3910);
#3909 = CARTESIAN_POINT('',(1.59512E+03,508.,7.9248E+03));
#3910 = VECTOR('',#3911,1.);
#3911 = DIRECTION('',(0.,0.,1.));
#3912 = ORIENTED_EDGE('',*,*,#3913,.T.);
#3913 = EDGE_CURVE('',#3904,#3914,#3916,.T.);
#3914 = VERTEX_POINT('',#3915);
#3915 = CARTESIAN_POINT('',(1.59512E+03,546.1,7.9248E+03));
#3916 = LINE('',#3917,#3918);
#3917 = CARTESIAN_POINT('',(1.59512E+03,508.,7.9248E+03));
#3918 = VECTOR('',#3919,1.);
#3919 = DIRECTION('',(0.,1.,0.));
#3920 = ORIENTED_EDGE('',*,*,#3921,.T.);
#3921 = EDGE_CURVE('',#3914,#3922,#3924,.T.);
#3922 = VERTEX_POINT('',#3923);
#3923 = CARTESIAN_POINT('',(1.59512E+03,546.1,8.0264E+03));
#3924 = LINE('',#3925,#3926);
#3925 = CARTESIAN_POINT('',(1.59512E+03,546.1,7.9248E+03));
#3926 = VECTOR('',#3927,1.);
#3927 = DIRECTION('',(0.,0.,1.));
#3928 = ORIENTED_EDGE('',*,*,#3929,.F.);
#3929 = EDGE_CURVE('',#3906,#3922,#3930,.T.);
#3930 = LINE('',#3931,#3932);
#3931 = CARTESIAN_POINT('',(1.59512E+03,508.,8.0264E+03));
#3932 = VECTOR('',#3933,1.);
#3933 = DIRECTION('',(0.,1.,0.));
#3934 = PLANE('',#3935);
#3935 = AXIS2_PLACEMENT_3D('',#3936,#3937,#3938);
#3936 = CARTESIAN_POINT('',(1.59512E+03,508.,7.9248E+03));
#3937 = DIRECTION('',(1.,0.,0.));
#3938 = DIRECTION('',(0.,0.,1.));
#3939 = ADVANCED_FACE('',(#3940),#3956,.F.);
#3940 = FACE_BOUND('',#3941,.F.);
#3941 = EDGE_LOOP('',(#3942,#3948,#3949,#3955));
#3942 = ORIENTED_EDGE('',*,*,#3943,.F.);
#3943 = EDGE_CURVE('',#3864,#3904,#3944,.T.);
#3944 = LINE('',#3945,#3946);
#3945 = CARTESIAN_POINT('',(1.55702E+03,508.,7.9248E+03));
#3946 = VECTOR('',#3947,1.);
#3947 = DIRECTION('',(1.,0.,0.));
#3948 = ORIENTED_EDGE('',*,*,#3863,.T.);
#3949 = ORIENTED_EDGE('',*,*,#3950,.T.);
#3950 = EDGE_CURVE('',#3866,#3906,#3951,.T.);
#3951 = LINE('',#3952,#3953);
#3952 = CARTESIAN_POINT('',(1.55702E+03,508.,8.0264E+03));
#3953 = VECTOR('',#3954,1.);
#3954 = DIRECTION('',(1.,0.,0.));
#3955 = ORIENTED_EDGE('',*,*,#3903,.F.);
#3956 = PLANE('',#3957);
#3957 = AXIS2_PLACEMENT_3D('',#3958,#3959,#3960);
#3958 = CARTESIAN_POINT('',(1.55702E+03,508.,7.9248E+03));
#3959 = DIRECTION('',(0.,1.,0.));
#3960 = DIRECTION('',(0.,0.,1.));
#3961 = ADVANCED_FACE('',(#3962),#3978,.T.);
#3962 = FACE_BOUND('',#3963,.T.);
#3963 = EDGE_LOOP('',(#3964,#3970,#3971,#3977));
#3964 = ORIENTED_EDGE('',*,*,#3965,.F.);
#3965 = EDGE_CURVE('',#3874,#3914,#3966,.T.);
#3966 = LINE('',#3967,#3968);
#3967 = CARTESIAN_POINT('',(1.55702E+03,546.1,7.9248E+03));
#3968 = VECTOR('',#3969,1.);
#3969 = DIRECTION('',(1.,0.,0.));
#3970 = ORIENTED_EDGE('',*,*,#3881,.T.);
#3971 = ORIENTED_EDGE('',*,*,#3972,.T.);
#3972 = EDGE_CURVE('',#3882,#3922,#3973,.T.);
#3973 = LINE('',#3974,#3975);
#3974 = CARTESIAN_POINT('',(1.55702E+03,546.1,8.0264E+03));
#3975 = VECTOR('',#3976,1.);
#3976 = DIRECTION('',(1.,0.,0.));
#3977 = ORIENTED_EDGE('',*,*,#3921,.F.);
#3978 = PLANE('',#3979);
#3979 = AXIS2_PLACEMENT_3D('',#3980,#3981,#3982);
#3980 = CARTESIAN_POINT('',(1.55702E+03,546.1,7.9248E+03));
#3981 = DIRECTION('',(0.,1.,0.));
#3982 = DIRECTION('',(0.,0.,1.));
#3983 = ADVANCED_FACE('',(#3984),#3990,.F.);
#3984 = FACE_BOUND('',#3985,.F.);
#3985 = EDGE_LOOP('',(#3986,#3987,#3988,#3989));
#3986 = ORIENTED_EDGE('',*,*,#3873,.F.);
#3987 = ORIENTED_EDGE('',*,*,#3943,.T.);
#3988 = ORIENTED_EDGE('',*,*,#3913,.T.);
#3989 = ORIENTED_EDGE('',*,*,#3965,.F.);
#3990 = PLANE('',#3991);
#3991 = AXIS2_PLACEMENT_3D('',#3992,#3993,#3994);
#3992 = CARTESIAN_POINT('',(1.55702E+03,508.,7.9248E+03));
#3993 = DIRECTION('',(0.,0.,1.));
#3994 = DIRECTION('',(1.,0.,0.));
#3995 = ADVANCED_FACE('',(#3996),#4002,.T.);
#3996 = FACE_BOUND('',#3997,.T.);
#3997 = EDGE_LOOP('',(#3998,#3999,#4000,#4001));
#3998 = ORIENTED_EDGE('',*,*,#3889,.F.);
#3999 = ORIENTED_EDGE('',*,*,#3950,.T.);
#4000 = ORIENTED_EDGE('',*,*,#3929,.T.);
#4001 = ORIENTED_EDGE('',*,*,#3972,.F.);
#4002 = PLANE('',#4003);
#4003 = AXIS2_PLACEMENT_3D('',#4004,#4005,#4006);
#4004 = CARTESIAN_POINT('',(1.55702E+03,508.,8.0264E+03));
#4005 = DIRECTION('',(0.,0.,1.));
#4006 = DIRECTION('',(1.,0.,0.));
#4007 = ( GEOMETRIC_REPRESENTATION_CONTEXT(3) 
GLOBAL_UNCERTAINTY_ASSIGNED_CONTEXT((#4011)) 
GLOBAL_UNIT_ASSIGNED_CONTEXT((#4008,#4009,#4010)) REPRESENTATION_CONTEXT
('Context #1','3D Context with UNIT and UNCERTAINTY') );
#4008 = ( LENGTH_UNIT() NAMED_UNIT(*) SI_UNIT(.MILLI.,.METRE.) );
#4009 = ( NAMED_UNIT(*) PLANE_ANGLE_UNIT() SI_UNIT($,.RADIAN.) );
#4010 = ( NAMED_UNIT(*) SI_UNIT($,.STERADIAN.) SOLID_ANGLE_UNIT() );
#4011 = UNCERTAINTY_MEASURE_WITH_UNIT(LENGTH_MEASURE(1.E-07),#4008,
  'distance_accuracy_value','confusion accuracy');
#4012 = PRODUCT_RELATED_PRODUCT_CATEGORY('part',$,(#7));
ENDSEC;
END-ISO-10303-21;
